Main Ship Speed,Lead Times,Lead Times Category,Average Unit Price,# Units Sold,Gross Revenue,Total Costs,Gross Margin,Branded,Brand Awareness
Small Parcel,23,3-4 Weeks,678,5070,3437460,2704335,0.21327520902061406,Y,0.02
Small Parcel,1,24 Hours,133,1273,169309,148328,0.1239213509027872,N,0.0
Large Parcel,1,24 Hours,906,123,111438,85705,0.23091764030223083,N,0.0
Small Parcel,2,48 Hours,1072,50,53600,42727,0.2028544776119403,Y,0.01
Large Parcel,19,2-3 Weeks,2096,489,1024944,832578,0.18768440031845643,Y,0.11
Small Parcel,10,1-2 Weeks,2136,328,700608,606909,0.13373955193203618,Y,0.04
Large Parcel,5,Less Than 1 Week,512,841,430592,336491,0.21853866304994055,N,0.0
Small Parcel,2,48 Hours,767,693,531531,469667,0.11638831977815028,N,0.0
Small Parcel,14,2-3 Weeks,305,104,31720,27930,0.11948297604035309,Y,0.01
Large Parcel,8,1-2 Weeks,579,555,321345,263425,0.1802424185843875,Y,0.1
Small Parcel,2,48 Hours,757,3556,2691892,2198604,0.18324955087351202,Y,0.03
Large Parcel,12,1-2 Weeks,75,50,3750,3196,0.14773333333333333,N,0.0
Large Parcel,19,2-3 Weeks,324,515,166860,136155,0.1840165408126573,N,0.0
Small Parcel,7,1-2 Weeks,1726,1624,2803024,2340878,0.1648740788519827,N,0.0
Large Parcel,12,1-2 Weeks,842,174,146508,116356,0.20580446118983264,Y,0.16
Small Parcel,21,3-4 Weeks,312,446,139152,126641,0.08990887662412327,N,0.0
Small Parcel,3,72 Hours,950,353,335350,276289,0.1761174891903981,Y,0.13
Small Parcel,3,72 Hours,253,1238,313214,262954,0.1604653687255359,Y,0.09
Large Parcel,1,24 Hours,1168,214,249952,202251,0.1908406414031494,N,0.0
Large Parcel,23,3-4 Weeks,747,68,50796,45846,0.09744861800141744,N,0.0
Small Parcel,1,24 Hours,193,116,22388,19082,0.14766839378238342,Y,0.04
Large Parcel,2,48 Hours,631,465,293415,278299,0.051517475248368354,N,0.0
Small Parcel,5,Less Than 1 Week,2013,954,1920402,1533291,0.2015781070838293,N,0.0
Small Parcel,4,Less Than 1 Week,1742,1261,2196662,1844432,0.16034783685428164,N,0.0
Small Parcel,23,3-4 Weeks,114,3138,357732,276216,0.22786890745027003,Y,0.0
Large Parcel,1,24 Hours,525,1424,747600,676341,0.09531701444622794,N,0.0
Large Parcel,1,24 Hours,1547,1609,2489123,2245713,0.09778946239297938,Y,0.08
Large Parcel,3,72 Hours,2038,3896,7940048,6723329,0.15323824238845912,N,0.0
Large Parcel,4,Less Than 1 Week,426,4304,1833504,1478916,0.19339363317451175,N,0.0
Small Parcel,6,Less Than 1 Week,1643,870,1429410,1246410,0.12802484941339434,Y,0.08
Small Parcel,23,3-4 Weeks,4781,1145,5474245,4606213,0.15856652378547179,N,0.0
Large Parcel,24,3-4 Weeks,1283,50,64150,55758,0.13081839438815276,Y,0.02
Large Parcel,14,2-3 Weeks,835,382,318970,263223,0.1747719221243377,Y,0.01
Small Parcel,6,Less Than 1 Week,176,943,165968,142115,0.14372047623638293,N,0.0
Large Parcel,1,24 Hours,423,50,21150,18909,0.10595744680851064,Y,0.06
Large Parcel,9,1-2 Weeks,133,3262,433846,354123,0.1837587531059408,Y,0.01
Large Parcel,3,72 Hours,582,482,280524,253138,0.097624445680227,Y,0.06
Small Parcel,12,1-2 Weeks,257,1511,388327,324639,0.16400610825412604,N,0.0
Small Parcel,3,72 Hours,4269,549,2343681,1994097,0.1491602312772088,Y,0.07
Large Parcel,3,72 Hours,75,596,44700,41050,0.08165548098434004,N,0.0
Large Parcel,3,72 Hours,3323,359,1192957,923524,0.22585306930593474,N,0.0
Large Parcel,8,1-2 Weeks,265,1456,385840,317980,0.17587601078167117,Y,0.02
Large Parcel,3,72 Hours,333,796,265068,207296,0.2179516199616702,N,0.0
Large Parcel,7,1-2 Weeks,874,290,253460,200308,0.20970567347904995,N,0.0
Large Parcel,2,48 Hours,1783,465,829095,723563,0.12728577545395883,N,0.0
Small Parcel,2,48 Hours,922,1194,1100868,865312,0.21397297405320165,Y,0.05
Large Parcel,4,Less Than 1 Week,1214,171,207594,165090,0.20474580190178907,N,0.0
Large Parcel,4,Less Than 1 Week,1287,1163,1496781,1132141,0.2436161335559444,Y,0.35
Large Parcel,26,3-4 Weeks,786,143,112398,91034,0.19007455648677024,Y,0.09
Small Parcel,14,2-3 Weeks,75,104,7800,6359,0.18474358974358973,Y,0.04
Large Parcel,11,1-2 Weeks,900,128,115200,106552,0.07506944444444444,N,0.0
Small Parcel,5,Less Than 1 Week,2668,1649,4399532,3348564,0.2388817719702914,N,0.0
Large Parcel,1,24 Hours,771,2949,2273679,1876111,0.17485669700956027,N,0.0
Large Parcel,12,1-2 Weeks,124,4866,603384,509367,0.155816196650889,Y,0.01
Large Parcel,16,2-3 Weeks,4726,1018,4811068,4099035,0.14799894742705777,Y,0.1
Large Parcel,1,24 Hours,75,127,9525,7494,0.21322834645669292,N,0.0
Small Parcel,24,3-4 Weeks,316,303,95748,84420,0.11831056523373856,N,0.0
Small Parcel,3,72 Hours,867,50,43350,40174,0.0732641291810842,N,0.0
Small Parcel,1,24 Hours,1538,2719,4181822,3881254,0.07187489089683875,N,0.0
Large Parcel,6,Less Than 1 Week,394,809,318746,261056,0.18099050654753315,N,0.0
Large Parcel,5,Less Than 1 Week,149,3329,496021,438908,0.11514230244284013,Y,0.02
Large Parcel,12,1-2 Weeks,487,261,127107,101657,0.20022500727733328,Y,0.03
Large Parcel,2,48 Hours,243,1000,243000,189387,0.22062962962962962,Y,0.03
Large Parcel,3,72 Hours,509,478,243302,191727,0.21197935076571503,Y,0.02
Small Parcel,19,2-3 Weeks,700,1026,718200,583571,0.18745335561125034,N,0.0
Small Parcel,16,2-3 Weeks,815,1691,1378165,1125798,0.18311813171862584,N,0.0
Small Parcel,4,Less Than 1 Week,112,1914,214368,173881,0.18886680847887743,N,0.0
Small Parcel,17,2-3 Weeks,75,121,9075,6946,0.23460055096418733,Y,0.13
Large Parcel,2,48 Hours,1212,248,300576,253462,0.15674571489407005,Y,0.03
Large Parcel,23,3-4 Weeks,826,1118,923468,823456,0.10830045004266525,N,0.0
Large Parcel,1,24 Hours,75,559,41925,39815,0.050327966607036374,N,0.0
Large Parcel,18,2-3 Weeks,75,2508,188100,152937,0.1869377990430622,N,0.0
Large Parcel,1,24 Hours,1828,50,91400,85491,0.06464989059080962,Y,0.1
Small Parcel,16,2-3 Weeks,1242,152,188784,146702,0.22291083990168659,N,0.0
Large Parcel,3,72 Hours,742,2045,1517390,1265138,0.1662407159662315,Y,0.04
Small Parcel,23,3-4 Weeks,90,3336,300240,251733,0.1615607513988809,Y,0.01
Small Parcel,20,2-3 Weeks,1657,1148,1902236,1748379,0.08088218286269422,Y,0.06
Large Parcel,1,24 Hours,1310,1161,1520910,1328714,0.12636908166821179,N,0.0
Large Parcel,2,48 Hours,75,315,23625,22320,0.05523809523809524,Y,0.02
Large Parcel,3,72 Hours,177,199,35223,28946,0.1782074212872271,Y,0.05
Small Parcel,19,2-3 Weeks,162,1242,201204,188366,0.06380588855092344,N,0.0
Small Parcel,13,1-2 Weeks,272,146,39712,31863,0.19764806607574537,Y,0.18
Small Parcel,1,24 Hours,607,1583,960881,832661,0.13344004096240847,N,0.0
Large Parcel,1,24 Hours,1367,524,716308,556497,0.22310374866677463,N,0.0
Large Parcel,22,3-4 Weeks,119,122,14518,11393,0.2152500344400055,Y,0.04
Large Parcel,11,1-2 Weeks,675,4903,3309525,2612791,0.21052386671803355,N,0.0
Small Parcel,1,24 Hours,3578,215,769270,629934,0.18112756249431278,N,0.0
Small Parcel,9,1-2 Weeks,998,689,687622,624829,0.09131906774361495,N,0.0
Small Parcel,1,24 Hours,2456,564,1385184,1237520,0.10660244415182388,Y,0.04
Large Parcel,24,3-4 Weeks,1254,3028,3797112,3450812,0.09120089162500343,Y,0.02
Large Parcel,1,24 Hours,659,1376,906784,804910,0.11234649045417652,N,0.0
Small Parcel,14,2-3 Weeks,1785,895,1597575,1491388,0.06646761497895247,N,0.0
Large Parcel,5,Less Than 1 Week,439,244,107116,84062,0.21522461630382017,Y,0.04
Small Parcel,1,24 Hours,75,1881,141075,108297,0.2323444976076555,N,0.0
Large Parcel,5,Less Than 1 Week,3181,1615,5137315,3904530,0.23996679199153642,Y,0.04
Large Parcel,8,1-2 Weeks,201,498,100098,78261,0.21815620691722112,N,0.0
Small Parcel,3,72 Hours,988,377,372476,334755,0.10127095437021445,Y,0.19
Large Parcel,7,1-2 Weeks,419,173,72487,58228,0.19671113441030805,N,0.0
Large Parcel,11,1-2 Weeks,207,3539,732573,558112,0.23814828010314332,Y,0.12
Large Parcel,24,3-4 Weeks,453,1264,572592,515375,0.0999263000530919,Y,0.02
Small Parcel,23,3-4 Weeks,777,58,45066,37898,0.1590556073314694,Y,0.06
Large Parcel,2,48 Hours,1233,549,676917,593127,0.12378179304109661,N,0.0
Small Parcel,18,2-3 Weeks,169,55,9295,7004,0.24647660032275417,Y,0.04
Large Parcel,3,72 Hours,2234,310,692540,577064,0.16674271522222542,N,0.0
Large Parcel,2,48 Hours,75,367,27525,21610,0.21489554950045414,Y,0.04
Large Parcel,1,24 Hours,371,730,270830,211678,0.21841007273935678,Y,0.09
Large Parcel,18,2-3 Weeks,739,1943,1435877,1325077,0.07716538394305361,N,0.0
Large Parcel,13,1-2 Weeks,369,877,323613,290248,0.10310154412832612,Y,0.03
Large Parcel,3,72 Hours,3263,1956,6382428,6061183,0.050332726040936145,Y,0.03
Small Parcel,1,24 Hours,238,50,11900,11105,0.06680672268907563,Y,0.02
Small Parcel,1,24 Hours,404,1644,664176,517381,0.22101822408518224,N,0.0
Large Parcel,5,Less Than 1 Week,150,5294,794100,710307,0.10551945598791085,N,0.0
Small Parcel,1,24 Hours,1978,1522,3010516,2415896,0.1975143131609332,N,0.0
Large Parcel,13,1-2 Weeks,1110,111,123210,107910,0.1241782322863404,N,0.0
Large Parcel,1,24 Hours,933,556,518748,397809,0.23313632052557312,Y,0.06
Large Parcel,7,1-2 Weeks,825,81,66825,62884,0.05897493453049009,Y,0.02
Small Parcel,8,1-2 Weeks,540,997,538380,423346,0.21366692670604406,N,0.0
Large Parcel,3,72 Hours,109,3715,404935,330170,0.18463457098052774,N,0.0
Large Parcel,5,Less Than 1 Week,79,209,16511,14517,0.1207679728665738,Y,0.02
Small Parcel,1,24 Hours,1022,1035,1057770,981491,0.07211303024286943,N,0.0
Small Parcel,15,2-3 Weeks,2369,378,895482,838568,0.06355683307983857,N,0.0
Large Parcel,8,1-2 Weeks,1421,493,700553,647251,0.07608560665645568,N,0.0
Large Parcel,3,72 Hours,81,648,52488,44059,0.16058908702941624,N,0.0
Large Parcel,21,3-4 Weeks,469,242,113498,103817,0.08529665720981867,N,0.0
Large Parcel,5,Less Than 1 Week,620,61,37820,29407,0.22244843997884717,N,0.0
Small Parcel,16,2-3 Weeks,111,576,63936,56743,0.11250312812812813,Y,0.07
Small Parcel,9,1-2 Weeks,2284,1750,3997000,3236767,0.19020090067550663,N,0.0
Large Parcel,2,48 Hours,748,3011,2252228,1716354,0.23793061803689503,N,0.0
Small Parcel,15,2-3 Weeks,2502,3299,8254098,7283521,0.11758728815674348,Y,0.2
Large Parcel,3,72 Hours,80,564,45120,37778,0.16272163120567376,N,0.0
Small Parcel,8,1-2 Weeks,896,50,44800,36176,0.1925,Y,0.11
Small Parcel,2,48 Hours,684,189,129276,119329,0.07694390296729478,Y,0.02
Large Parcel,9,1-2 Weeks,450,1910,859500,785825,0.08571844095404305,Y,0.01
Large Parcel,1,24 Hours,730,779,568670,475473,0.16388590922679233,Y,0.06
Large Parcel,3,72 Hours,582,183,106506,95831,0.1002290950744559,Y,0.02
Small Parcel,3,72 Hours,793,763,605059,518999,0.14223406312442258,Y,0.03
Large Parcel,2,48 Hours,1042,1521,1584882,1405306,0.11330559625259168,Y,0.02
Small Parcel,3,72 Hours,287,3588,1029756,915058,0.1113836675872731,Y,0.11
Large Parcel,21,3-4 Weeks,234,62,14508,13166,0.09250068927488282,Y,0.07
Small Parcel,2,48 Hours,563,1122,631686,554642,0.12196566015393724,N,0.0
Small Parcel,1,24 Hours,2053,280,574840,524500,0.0875721940018092,Y,0.01
Small Parcel,9,1-2 Weeks,1566,511,800226,691293,0.13612779389822374,Y,0.06
Large Parcel,2,48 Hours,322,189,60858,47038,0.227086003483519,N,0.0
Small Parcel,20,2-3 Weeks,133,2297,305501,237792,0.22163266241354365,N,0.0
Small Parcel,13,1-2 Weeks,2499,502,1254498,1156145,0.07840028441655547,N,0.0
Large Parcel,3,72 Hours,238,92,21896,18716,0.14523200584581658,N,0.0
Small Parcel,3,72 Hours,1074,913,980562,885761,0.09668027110983293,Y,0.01
Large Parcel,13,1-2 Weeks,572,1059,605748,543189,0.1032756195645714,Y,0.01
Small Parcel,25,3-4 Weeks,195,497,96915,75052,0.22558943404013826,Y,0.01
Small Parcel,1,24 Hours,986,942,928812,720685,0.22407871560660284,Y,0.11
Large Parcel,1,24 Hours,300,403,120900,100798,0.16626964433416047,Y,0.15
Large Parcel,1,24 Hours,396,499,197604,150063,0.24058723507621302,N,0.0
Large Parcel,2,48 Hours,1184,1098,1300032,1108895,0.14702484246541622,N,0.0
Large Parcel,5,Less Than 1 Week,526,1104,580704,454463,0.21739302639554747,N,0.0
Small Parcel,2,48 Hours,449,1258,564842,454400,0.19552724478703778,Y,0.02
Small Parcel,24,3-4 Weeks,260,538,139880,111954,0.1996425507577924,Y,0.06
Small Parcel,15,2-3 Weeks,502,513,257526,212983,0.17296505983861823,Y,0.03
Small Parcel,27,3-4 Weeks,267,365,97455,78886,0.19053922323123493,N,0.0
Large Parcel,1,24 Hours,732,154,112728,98808,0.12348307430274644,N,0.0
Large Parcel,26,3-4 Weeks,1226,3615,4431990,4018036,0.09340138402839357,Y,0.06
Small Parcel,21,3-4 Weeks,291,260,75660,68578,0.09360296061326989,N,0.0
Small Parcel,2,48 Hours,93,919,85467,67804,0.20666456059063731,Y,0.03
Small Parcel,20,2-3 Weeks,548,52,28496,22713,0.2029407636159461,Y,0.08
Large Parcel,26,3-4 Weeks,1232,139,171248,130196,0.23972250770811923,Y,0.07
Small Parcel,3,72 Hours,218,3208,699344,548184,0.2161454162758242,N,0.0
Large Parcel,10,1-2 Weeks,201,143,28743,25463,0.11411474098041262,N,0.0
Small Parcel,4,Less Than 1 Week,1710,403,689130,631678,0.08336888540623685,N,0.0
Small Parcel,5,Less Than 1 Week,924,3117,2880108,2425989,0.15767429554725032,N,0.0
Small Parcel,16,2-3 Weeks,762,787,599694,489484,0.18377705963374655,Y,0.17
Small Parcel,6,Less Than 1 Week,2283,1910,4360530,3741350,0.141996500425407,N,0.0
Large Parcel,23,3-4 Weeks,1183,761,900263,676984,0.24801530219502524,Y,0.04
Large Parcel,11,1-2 Weeks,75,176,13200,12204,0.07545454545454545,N,0.0
Small Parcel,2,48 Hours,246,1843,453378,422638,0.06780214302414321,Y,0.03
Large Parcel,21,3-4 Weeks,226,1098,248148,199180,0.1973338491545368,Y,0.03
Small Parcel,2,48 Hours,1566,50,78300,59776,0.23657726692209452,N,0.0
Large Parcel,12,1-2 Weeks,274,1563,428262,400508,0.0648061233543952,Y,0.04
Small Parcel,3,72 Hours,893,50,44650,36936,0.1727659574468085,N,0.0
Small Parcel,1,24 Hours,335,1291,432485,386408,0.10654011121773009,N,0.0
Large Parcel,1,24 Hours,762,2626,2001012,1791106,0.10489992064015607,N,0.0
Large Parcel,1,24 Hours,380,462,175560,151753,0.13560606060606062,N,0.0
Small Parcel,3,72 Hours,1645,3849,6331605,5004703,0.20956803211823857,Y,0.02
Large Parcel,3,72 Hours,570,555,316350,268341,0.15175912754860124,N,0.0
Small Parcel,7,1-2 Weeks,165,727,119955,104601,0.12799799924971864,N,0.0
Large Parcel,6,Less Than 1 Week,701,295,206795,177427,0.1420150390483329,N,0.0
Large Parcel,10,1-2 Weeks,582,50,29100,25289,0.13096219931271477,Y,0.06
Small Parcel,19,2-3 Weeks,125,670,83750,67041,0.19951044776119403,N,0.0
Small Parcel,2,48 Hours,672,297,199584,171187,0.14228094436427768,Y,0.04
Small Parcel,1,24 Hours,2455,829,2035195,1571365,0.22790445141620336,N,0.0
Small Parcel,3,72 Hours,681,1155,786555,665434,0.15398923152227117,Y,0.01
Large Parcel,3,72 Hours,1073,1079,1157767,1068869,0.07678401612759735,N,0.0
Small Parcel,2,48 Hours,440,554,243760,225504,0.07489333770922219,N,0.0
Small Parcel,10,1-2 Weeks,4378,680,2977040,2432089,0.18305128584096955,Y,0.02
Large Parcel,9,1-2 Weeks,816,307,250512,200702,0.1988327904451683,N,0.0
Small Parcel,3,72 Hours,761,848,645328,566593,0.122007723204324,Y,0.1
Small Parcel,13,1-2 Weeks,575,168,96600,75422,0.21923395445134575,N,0.0
Large Parcel,2,48 Hours,1700,205,348500,278113,0.2019713055954089,Y,0.03
Large Parcel,9,1-2 Weeks,2684,648,1739232,1636465,0.05908757428566172,Y,0.1
Small Parcel,3,72 Hours,228,2630,599640,481639,0.1967864051764392,N,0.0
Small Parcel,6,Less Than 1 Week,1902,580,1103160,916130,0.16954022988505746,N,0.0
Large Parcel,3,72 Hours,1189,588,699132,643618,0.07940417546328876,N,0.0
Small Parcel,2,48 Hours,125,175,21875,18901,0.13595428571428572,N,0.0
Large Parcel,5,Less Than 1 Week,445,2812,1251340,1155909,0.07626304601467226,N,0.0
Large Parcel,2,48 Hours,1353,639,864567,736688,0.1479110352349789,Y,0.25
Large Parcel,19,2-3 Weeks,258,1768,456144,358429,0.21421963239678699,Y,0.13
Large Parcel,4,Less Than 1 Week,649,1488,965712,884676,0.08391321636264228,Y,0.01
Large Parcel,24,3-4 Weeks,271,150,40650,35836,0.11842558425584256,N,0.0
Large Parcel,3,72 Hours,133,585,77805,63071,0.18937086305507358,Y,0.18
Small Parcel,8,1-2 Weeks,727,2617,1902559,1762936,0.07338694884100835,N,0.0
Large Parcel,11,1-2 Weeks,196,875,171500,159884,0.06773177842565598,Y,0.13
Large Parcel,2,48 Hours,2135,542,1157170,1028666,0.1110502346241261,N,0.0
Large Parcel,6,Less Than 1 Week,75,341,25575,20086,0.2146236559139785,N,0.0
Large Parcel,25,3-4 Weeks,1010,531,536310,405063,0.2447222688370532,N,0.0
Small Parcel,19,2-3 Weeks,3399,679,2307921,1831276,0.20652569996979966,Y,0.02
Large Parcel,2,48 Hours,513,309,158517,122282,0.22858747011361558,Y,0.06
Large Parcel,3,72 Hours,459,638,292842,272092,0.07085732237862055,N,0.0
Large Parcel,5,Less Than 1 Week,186,568,105648,87514,0.17164546418294716,N,0.0
Large Parcel,13,1-2 Weeks,1253,1145,1434685,1089630,0.2405092407044055,N,0.0
Large Parcel,2,48 Hours,2417,140,338380,302863,0.10496187717950234,N,0.0
Small Parcel,6,Less Than 1 Week,1690,1028,1737320,1571199,0.09561911449819262,N,0.0
Small Parcel,1,24 Hours,1397,2294,3204718,2988999,0.06731294297969431,N,0.0
Small Parcel,1,24 Hours,2864,424,1214336,1070184,0.11870849583640772,N,0.0
Small Parcel,3,72 Hours,1637,1019,1668103,1414959,0.1517556170092614,N,0.0
Small Parcel,2,48 Hours,221,253,55913,45314,0.189562355802765,N,0.0
Small Parcel,3,72 Hours,580,1226,711080,597386,0.159889182651741,Y,0.11
Small Parcel,4,Less Than 1 Week,732,253,185196,147477,0.20367070563079115,Y,0.03
Small Parcel,1,24 Hours,1583,289,457487,371685,0.1875506845003246,Y,0.04
Large Parcel,26,3-4 Weeks,3267,951,3106917,2730856,0.12103992478717648,N,0.0
Small Parcel,4,Less Than 1 Week,2393,451,1079243,874870,0.18936699149311137,Y,0.1
Large Parcel,23,3-4 Weeks,944,2976,2809344,2553942,0.09091161495352652,N,0.0
Large Parcel,1,24 Hours,574,755,433370,390520,0.09887624893278261,N,0.0
Small Parcel,17,2-3 Weeks,812,302,245224,186138,0.24094705249078394,N,0.0
Large Parcel,1,24 Hours,887,1119,992553,839741,0.15395852916670444,Y,0.17
Small Parcel,13,1-2 Weeks,2112,506,1068672,841711,0.21237666936160018,N,0.0
Large Parcel,3,72 Hours,1379,1334,1839586,1558902,0.1525799826700138,N,0.0
Small Parcel,1,24 Hours,202,1542,311484,236549,0.24057415469173377,N,0.0
Large Parcel,2,48 Hours,75,197,14775,12114,0.18010152284263958,N,0.0
Small Parcel,3,72 Hours,277,50,13850,11940,0.1379061371841155,N,0.0
Small Parcel,3,72 Hours,795,106,84270,65719,0.2201376527827222,Y,0.01
Small Parcel,3,72 Hours,456,1890,861840,782049,0.09258214981899192,N,0.0
Large Parcel,8,1-2 Weeks,2384,2460,5864640,5093925,0.13141727369454903,Y,0.04
Small Parcel,27,3-4 Weeks,439,1024,449536,347379,0.22724987542710706,Y,0.01
Large Parcel,3,72 Hours,75,121,9075,8036,0.11449035812672176,N,0.0
Small Parcel,12,1-2 Weeks,414,730,302220,235527,0.22067699027198728,N,0.0
Large Parcel,21,3-4 Weeks,228,50,11400,9109,0.20096491228070176,Y,0.09
Large Parcel,1,24 Hours,676,1304,881504,833556,0.054393400370276256,N,0.0
Large Parcel,25,3-4 Weeks,1272,684,870048,716499,0.17648336643495532,N,0.0
Small Parcel,19,2-3 Weeks,75,3276,245700,203646,0.17115995115995117,Y,0.08
Small Parcel,17,2-3 Weeks,263,2887,759281,694550,0.08525302226711849,N,0.0
Large Parcel,21,3-4 Weeks,1212,1707,2068884,1703586,0.17656765676567657,Y,0.34
Small Parcel,2,48 Hours,75,1133,84975,71198,0.1621300382465431,N,0.0
Large Parcel,1,24 Hours,75,50,3750,3099,0.1736,Y,0.07
Small Parcel,26,3-4 Weeks,914,320,292480,237361,0.1884539113785558,Y,0.01
Small Parcel,2,48 Hours,1523,1068,1626564,1371529,0.15679370747170107,Y,0.09
Small Parcel,5,Less Than 1 Week,855,215,183825,143277,0.22057935536515708,N,0.0
Small Parcel,6,Less Than 1 Week,203,729,147987,133051,0.10092778419726058,Y,0.03
Large Parcel,5,Less Than 1 Week,712,1923,1369176,1059623,0.2260870771909528,N,0.0
Large Parcel,26,3-4 Weeks,1384,1244,1721696,1500597,0.12841930282697991,N,0.0
Large Parcel,2,48 Hours,740,4465,3304100,2569829,0.22223025937471627,N,0.0
Small Parcel,3,72 Hours,2964,318,942552,881299,0.06498633497143924,N,0.0
Large Parcel,18,2-3 Weeks,476,254,120904,109460,0.09465360947528617,Y,0.0
Small Parcel,22,3-4 Weeks,1945,785,1526825,1418490,0.07095443158187742,N,0.0
Small Parcel,2,48 Hours,353,382,134846,113362,0.15932248639188407,Y,0.14
Small Parcel,2,48 Hours,854,2180,1861720,1663468,0.10648862342350085,N,0.0
Small Parcel,14,2-3 Weeks,683,667,455561,351896,0.2275545975182248,Y,0.29
Large Parcel,17,2-3 Weeks,932,1485,1384020,1163431,0.15938281238710422,N,0.0
Large Parcel,24,3-4 Weeks,2238,553,1237614,1043296,0.15701018249631954,N,0.0
Large Parcel,1,24 Hours,2263,2530,5725390,4862747,0.15066973603544911,Y,0.05
Large Parcel,2,48 Hours,310,886,274660,212780,0.22529673050316756,N,0.0
Large Parcel,11,1-2 Weeks,1142,188,214696,192668,0.10260088683533927,N,0.0
Small Parcel,3,72 Hours,75,245,18375,14549,0.20821768707482993,N,0.0
Large Parcel,14,2-3 Weeks,675,1526,1030050,877768,0.14783942527061794,N,0.0
Large Parcel,5,Less Than 1 Week,818,50,40900,38111,0.06819070904645477,N,0.0
Large Parcel,27,3-4 Weeks,160,66,10560,9659,0.0853219696969697,N,0.0
Large Parcel,3,72 Hours,734,104,76336,67698,0.11315761894780968,N,0.0
Small Parcel,19,2-3 Weeks,882,2417,2131794,1600487,0.24922999126557258,Y,0.11
Small Parcel,16,2-3 Weeks,184,2288,420992,390808,0.07169732441471571,N,0.0
Small Parcel,2,48 Hours,135,160,21600,18493,0.1438425925925926,Y,0.02
Small Parcel,20,2-3 Weeks,527,574,302498,258826,0.1443712024542311,N,0.0
Small Parcel,2,48 Hours,884,1236,1092624,819882,0.2496210956376576,N,0.0
Small Parcel,12,1-2 Weeks,97,50,4850,4102,0.15422680412371134,Y,0.07
Large Parcel,3,72 Hours,131,349,45719,39709,0.13145519368315142,Y,0.06
Large Parcel,16,2-3 Weeks,533,1720,916760,870480,0.05048213272830403,N,0.0
Small Parcel,27,3-4 Weeks,1291,407,525437,490637,0.066230585208122,N,0.0
Large Parcel,1,24 Hours,1093,961,1050373,906950,0.13654482740892998,Y,0.1
Small Parcel,14,2-3 Weeks,875,315,275625,257535,0.06563265306122448,N,0.0
Large Parcel,5,Less Than 1 Week,6041,950,5738950,5346031,0.06846531159881163,Y,0.07
Small Parcel,1,24 Hours,913,510,465630,380162,0.18355346519768914,N,0.0
Small Parcel,16,2-3 Weeks,543,3364,1826652,1515901,0.1701205265151764,Y,0.02
Large Parcel,7,1-2 Weeks,75,640,48000,44735,0.06802083333333334,N,0.0
Large Parcel,3,72 Hours,334,557,186038,166766,0.10359173932207398,N,0.0
Large Parcel,24,3-4 Weeks,586,1000,586000,527126,0.10046757679180887,N,0.0
Large Parcel,1,24 Hours,877,165,144705,126053,0.12889672091496493,N,0.0
Large Parcel,17,2-3 Weeks,1169,1427,1668163,1355801,0.18724908776900098,Y,0.09
Large Parcel,20,2-3 Weeks,75,3438,257850,229634,0.10942796199340701,Y,0.08
Large Parcel,1,24 Hours,415,2361,979815,758967,0.22539765159749545,N,0.0
Small Parcel,20,2-3 Weeks,1595,635,1012825,823228,0.18719620862439218,Y,0.09
Small Parcel,9,1-2 Weeks,1986,489,971154,851029,0.12369304971199213,N,0.0
Small Parcel,3,72 Hours,1833,2469,4525677,4253714,0.060093329683050735,Y,0.75
Large Parcel,15,2-3 Weeks,1757,1414,2484398,2151683,0.13392177903862423,Y,0.09
Large Parcel,20,2-3 Weeks,3012,1240,3734880,3438428,0.07937390224050037,Y,0.12
Large Parcel,12,1-2 Weeks,4559,1181,5384179,4052191,0.24738924913157606,N,0.0
Large Parcel,13,1-2 Weeks,151,1483,223933,171243,0.2352935922798337,Y,0.02
Large Parcel,7,1-2 Weeks,379,1086,411594,390542,0.0511474900022838,Y,0.03
Large Parcel,27,3-4 Weeks,1225,2189,2681525,2358782,0.12035800523955585,N,0.0
Large Parcel,2,48 Hours,626,1442,902692,772589,0.14412778666477602,N,0.0
Large Parcel,23,3-4 Weeks,768,1832,1406976,1135457,0.19298054835334788,Y,0.01
Small Parcel,21,3-4 Weeks,2757,678,1869246,1430749,0.23458496099496803,N,0.0
Small Parcel,2,48 Hours,785,686,538510,503213,0.0655456723180628,N,0.0
Large Parcel,2,48 Hours,856,767,656552,555881,0.15333286624669484,N,0.0
Small Parcel,4,Less Than 1 Week,264,925,244200,219683,0.1003972153972154,N,0.0
Large Parcel,5,Less Than 1 Week,663,449,297687,241285,0.1894674607893526,N,0.0
Large Parcel,27,3-4 Weeks,459,2063,946917,760832,0.1965166957610857,Y,0.01
Small Parcel,7,1-2 Weeks,2031,1547,3141957,2614801,0.16777950812184889,N,0.0
Small Parcel,12,1-2 Weeks,1844,1859,3427996,2781670,0.18854339386627056,N,0.0
Small Parcel,1,24 Hours,770,425,327250,248169,0.2416531703590527,Y,0.01
Large Parcel,26,3-4 Weeks,3306,50,165300,131833,0.20246218995765275,N,0.0
Large Parcel,16,2-3 Weeks,1098,310,340380,283495,0.16712204007285975,N,0.0
Large Parcel,12,1-2 Weeks,753,371,279363,239372,0.14315066776917487,Y,0.02
Small Parcel,2,48 Hours,983,672,660576,599607,0.09229672286004942,Y,0.08
Small Parcel,3,72 Hours,92,422,38824,30688,0.20956109622913663,N,0.0
Small Parcel,2,48 Hours,1252,1102,1379704,1186104,0.14031995268550357,Y,0.05
Small Parcel,6,Less Than 1 Week,982,511,501802,383406,0.23594166623488946,N,0.0
Small Parcel,2,48 Hours,270,473,127710,116178,0.09029833215879728,N,0.0
Small Parcel,26,3-4 Weeks,1421,3451,4903871,4376329,0.10757664710185076,Y,0.04
Small Parcel,25,3-4 Weeks,309,305,94245,70935,0.24733407607830654,Y,0.05
Large Parcel,24,3-4 Weeks,75,1052,78900,70690,0.10405576679340937,N,0.0
Small Parcel,3,72 Hours,1075,3259,3503425,2746959,0.2159218479059777,Y,0.54
Small Parcel,3,72 Hours,75,351,26325,19842,0.24626780626780626,Y,0.0
Small Parcel,8,1-2 Weeks,625,806,503750,420334,0.16559007444168736,Y,0.09
Large Parcel,15,2-3 Weeks,1187,50,59350,52715,0.1117944397641112,Y,0.09
Large Parcel,1,24 Hours,224,411,92064,73378,0.20296750086896073,N,0.0
Small Parcel,4,Less Than 1 Week,3085,930,2869050,2453827,0.14472490894198428,N,0.0
Large Parcel,3,72 Hours,322,778,250516,199081,0.20531622730683868,Y,0.03
Small Parcel,4,Less Than 1 Week,253,767,194051,168059,0.13394416931631375,Y,0.2
Small Parcel,5,Less Than 1 Week,3344,712,2380928,2167093,0.08981161967098543,Y,0.71
Large Parcel,11,1-2 Weeks,2576,350,901600,755690,0.16183451641526175,N,0.0
Large Parcel,3,72 Hours,2217,369,818073,679871,0.16893602404675379,Y,0.16
Small Parcel,2,48 Hours,983,1857,1825431,1477456,0.19062621375445032,Y,0.37
Small Parcel,2,48 Hours,134,2660,356440,310199,0.12973010885422512,N,0.0
Large Parcel,25,3-4 Weeks,304,118,35872,29957,0.16489183764495985,N,0.0
Large Parcel,1,24 Hours,835,692,577820,458292,0.20686026790349937,N,0.0
Small Parcel,1,24 Hours,102,551,56202,43065,0.23374613003095976,N,0.0
Large Parcel,1,24 Hours,329,68,22372,19774,0.11612730198462363,N,0.0
Small Parcel,24,3-4 Weeks,231,639,147609,114353,0.22529791543876052,Y,0.18
Small Parcel,25,3-4 Weeks,731,886,647666,528410,0.18413194455166706,N,0.0
Small Parcel,3,72 Hours,1757,897,1576029,1480133,0.060846596096899234,N,0.0
Small Parcel,2,48 Hours,739,2986,2206654,1904065,0.13712571159774029,Y,0.03
Large Parcel,8,1-2 Weeks,1782,1884,3357288,3109012,0.07395135597541826,N,0.0
Large Parcel,2,48 Hours,1451,2450,3554950,2794131,0.21401679348514044,Y,0.01
Small Parcel,4,Less Than 1 Week,395,468,184860,159801,0.13555663745537164,Y,0.25
Large Parcel,5,Less Than 1 Week,1978,1400,2769200,2151508,0.2230579228658096,N,0.0
Large Parcel,2,48 Hours,705,2461,1735005,1481178,0.14629756110212938,Y,0.14
Small Parcel,23,3-4 Weeks,590,99,58410,47879,0.1802944701249786,Y,0.02
Small Parcel,24,3-4 Weeks,207,584,120888,92435,0.23536662034279665,Y,0.04
Small Parcel,3,72 Hours,746,200,149200,131839,0.11636058981233244,N,0.0
Large Parcel,10,1-2 Weeks,1809,6378,11537802,10903498,0.05497615577039717,N,0.0
Small Parcel,2,48 Hours,2501,1055,2638555,2332238,0.11609270983549708,N,0.0
Small Parcel,21,3-4 Weeks,972,118,114696,89786,0.21718281369882123,N,0.0
Large Parcel,11,1-2 Weeks,2388,476,1136688,1002917,0.11768488802556198,N,0.0
Large Parcel,2,48 Hours,649,699,453651,423873,0.06564076790307968,N,0.0
Small Parcel,13,1-2 Weeks,570,720,410400,369951,0.09855994152046783,N,0.0
Large Parcel,3,72 Hours,1241,477,591957,528799,0.10669356051199665,Y,0.01
Large Parcel,26,3-4 Weeks,1179,50,58950,51485,0.12663273960983884,Y,0.01
Large Parcel,23,3-4 Weeks,1798,276,496248,379260,0.23574503071045122,Y,0.01
Small Parcel,10,1-2 Weeks,453,237,107361,88644,0.17433704976667505,Y,0.02
Small Parcel,8,1-2 Weeks,632,837,528984,398700,0.24629100313052946,N,0.0
Large Parcel,23,3-4 Weeks,3802,923,3509246,3160772,0.09930167335091356,N,0.0
Small Parcel,2,48 Hours,400,638,255200,199237,0.21929075235109718,N,0.0
Large Parcel,1,24 Hours,3951,272,1074672,982977,0.08532370807092769,N,0.0
Large Parcel,21,3-4 Weeks,1585,815,1291775,1186662,0.08137098178862417,Y,0.03
Large Parcel,6,Less Than 1 Week,100,285,28500,25391,0.10908771929824561,Y,0.11
Small Parcel,10,1-2 Weeks,222,725,160950,123277,0.23406648027337681,N,0.0
Small Parcel,13,1-2 Weeks,75,606,45450,39012,0.14165016501650166,Y,0.22
Small Parcel,5,Less Than 1 Week,2945,3011,8867395,7192429,0.18889042385052204,Y,0.48
Large Parcel,26,3-4 Weeks,494,886,437684,373074,0.14761791612213376,Y,0.11
Small Parcel,8,1-2 Weeks,1621,1620,2626020,2162852,0.17637641754442082,N,0.0
Large Parcel,5,Less Than 1 Week,593,234,138762,120258,0.13335062913477752,N,0.0
Large Parcel,4,Less Than 1 Week,718,1470,1055460,957621,0.09269797055312376,N,0.0
Small Parcel,2,48 Hours,93,415,38595,34343,0.11016971110247441,Y,0.08
Large Parcel,1,24 Hours,469,155,72695,56734,0.21956118027374646,N,0.0
Large Parcel,6,Less Than 1 Week,146,2156,314776,247993,0.21216039342262435,Y,0.03
Small Parcel,5,Less Than 1 Week,349,548,191252,159342,0.16684792838767698,N,0.0
Small Parcel,5,Less Than 1 Week,2811,320,899520,813978,0.09509738527214515,N,0.0
Large Parcel,27,3-4 Weeks,3755,1074,4032870,3038915,0.24646343670884507,Y,0.01
Large Parcel,12,1-2 Weeks,878,1342,1178276,1047822,0.11071599523371434,Y,0.13
Large Parcel,11,1-2 Weeks,3597,101,363297,286642,0.21099816403658714,N,0.0
Small Parcel,25,3-4 Weeks,75,5320,399000,378228,0.05206015037593985,N,0.0
Large Parcel,13,1-2 Weeks,1223,787,962501,853137,0.11362481701317713,N,0.0
Large Parcel,12,1-2 Weeks,1238,50,61900,53330,0.13844911147011307,Y,0.03
Small Parcel,3,72 Hours,960,983,943680,868564,0.07959901661580197,N,0.0
Small Parcel,16,2-3 Weeks,739,50,36950,27753,0.2489039242219215,N,0.0
Large Parcel,13,1-2 Weeks,4038,1500,6057000,5609709,0.07384695393759287,Y,0.17
Small Parcel,9,1-2 Weeks,75,2092,156900,148249,0.055137029955385594,Y,0.01
Large Parcel,26,3-4 Weeks,1286,1102,1417172,1338432,0.05556135740756944,N,0.0
Small Parcel,3,72 Hours,575,1596,917700,750565,0.18212378773019505,N,0.0
Large Parcel,2,48 Hours,1448,244,353312,312215,0.11631928720224617,N,0.0
Large Parcel,1,24 Hours,605,2681,1622005,1234385,0.2389758354628993,Y,0.02
Large Parcel,3,72 Hours,354,906,320724,253638,0.20917050173981366,N,0.0
Small Parcel,9,1-2 Weeks,983,1435,1410605,1131749,0.19768539031124943,N,0.0
Large Parcel,2,48 Hours,470,295,138650,128006,0.07676884240894338,N,0.0
Small Parcel,13,1-2 Weeks,831,1450,1204950,957895,0.20503340387567948,N,0.0
Large Parcel,3,72 Hours,1360,740,1006400,858004,0.1474523052464229,Y,0.07
Small Parcel,5,Less Than 1 Week,634,724,459016,391780,0.14647855412447497,Y,0.04
Small Parcel,6,Less Than 1 Week,2848,1799,5123552,4077311,0.20420227998076335,N,0.0
Small Parcel,2,48 Hours,2896,1156,3347776,2661337,0.20504328843984782,N,0.0
Small Parcel,2,48 Hours,1024,1892,1937408,1475735,0.23829415383853064,N,0.0
Small Parcel,1,24 Hours,2892,2018,5836056,4691234,0.19616364202125544,Y,0.19
Small Parcel,5,Less Than 1 Week,296,532,157472,125764,0.20135643161958952,N,0.0
Large Parcel,12,1-2 Weeks,617,2094,1291998,1031498,0.20162569911098935,N,0.0
Small Parcel,1,24 Hours,1476,871,1285596,1019546,0.2069468168849312,N,0.0
Large Parcel,4,Less Than 1 Week,139,572,79508,66008,0.16979423454243597,Y,0.06
Small Parcel,3,72 Hours,1079,102,110058,99078,0.09976557814970288,N,0.0
Small Parcel,10,1-2 Weeks,454,1514,687356,529159,0.23015293385087204,Y,0.02
Large Parcel,3,72 Hours,1773,379,671967,552287,0.17810398427303722,N,0.0
Large Parcel,8,1-2 Weeks,1273,1305,1661265,1518237,0.08609583660644148,Y,0.02
Small Parcel,25,3-4 Weeks,531,614,326034,302935,0.0708484391198464,N,0.0
Large Parcel,3,72 Hours,2507,656,1644592,1530139,0.06959355268662379,N,0.0
Small Parcel,1,24 Hours,1201,684,821484,679999,0.1722309868481918,N,0.0
Small Parcel,15,2-3 Weeks,1202,96,115392,93690,0.18807196339434276,N,0.0
Small Parcel,3,72 Hours,1200,618,741600,702448,0.05279395900755124,N,0.0
Large Parcel,19,2-3 Weeks,634,554,351236,309810,0.1179434909861176,Y,0.03
Large Parcel,1,24 Hours,3085,893,2754905,2241425,0.186387552383839,Y,0.03
Small Parcel,18,2-3 Weeks,4826,982,4739132,4237062,0.10594134115698824,N,0.0
Small Parcel,12,1-2 Weeks,75,577,43275,40966,0.05335644136337377,N,0.0
Large Parcel,6,Less Than 1 Week,1422,53,75366,68458,0.09165936894620917,Y,0.05
Small Parcel,11,1-2 Weeks,1389,574,797286,754329,0.0538790346249652,Y,0.0
Small Parcel,1,24 Hours,409,412,168508,149060,0.11541291808104066,Y,0.11
Small Parcel,3,72 Hours,1257,221,277797,209455,0.24601417581903331,N,0.0
Large Parcel,1,24 Hours,75,2107,158025,123948,0.21564309444708116,N,0.0
Large Parcel,27,3-4 Weeks,79,820,64780,61372,0.05260882988576721,Y,0.09
Large Parcel,19,2-3 Weeks,546,361,197106,170719,0.13387212971700507,Y,0.02
Small Parcel,8,1-2 Weeks,994,779,774326,685408,0.11483277069348052,N,0.0
Small Parcel,1,24 Hours,273,1017,277641,210883,0.24044719619940857,Y,0.08
Large Parcel,19,2-3 Weeks,1012,1198,1212376,1083307,0.10645954720317789,N,0.0
Small Parcel,27,3-4 Weeks,358,235,84130,75723,0.09992868180197313,N,0.0
Large Parcel,1,24 Hours,145,503,72935,56820,0.2209501611023514,N,0.0
Large Parcel,1,24 Hours,75,4307,323025,243949,0.24479839021747543,N,0.0
Small Parcel,27,3-4 Weeks,560,239,133840,123411,0.077921398684997,N,0.0
Large Parcel,27,3-4 Weeks,284,167,47428,42029,0.11383570886396221,Y,0.08
Large Parcel,3,72 Hours,133,823,109459,100398,0.08277985364383011,N,0.0
Small Parcel,10,1-2 Weeks,689,1300,895700,835619,0.06707714636597074,Y,0.04
Large Parcel,3,72 Hours,287,784,225008,177022,0.21326352840787882,Y,0.02
Small Parcel,18,2-3 Weeks,648,334,216432,162466,0.24934390478302654,Y,0.26
Small Parcel,4,Less Than 1 Week,3339,828,2764692,2493333,0.09815162050600935,N,0.0
Large Parcel,15,2-3 Weeks,1117,1176,1313592,1094033,0.16714398382450563,Y,0.02
Large Parcel,1,24 Hours,1917,903,1731051,1497200,0.1350919181468368,Y,0.15
Small Parcel,1,24 Hours,173,267,46191,43008,0.06890952783009677,N,0.0
Large Parcel,9,1-2 Weeks,75,1028,77100,67519,0.12426718547341116,N,0.0
Large Parcel,9,1-2 Weeks,326,962,313612,286227,0.08732127597158272,Y,0.07
Large Parcel,25,3-4 Weeks,543,169,91767,81308,0.11397343271546416,Y,0.13
Small Parcel,13,1-2 Weeks,495,1063,526185,486162,0.07606260155648678,Y,0.01
Small Parcel,2,48 Hours,2175,1158,2518650,2355773,0.06466837393047863,Y,0.02
Large Parcel,2,48 Hours,852,1674,1426248,1222161,0.14309362747572651,Y,0.02
Small Parcel,9,1-2 Weeks,1824,443,808032,767330,0.05037176745475427,N,0.0
Large Parcel,9,1-2 Weeks,490,3641,1784090,1434480,0.1959598450750803,Y,0.08
Large Parcel,21,3-4 Weeks,671,310,208010,180406,0.13270515840584587,Y,0.02
Small Parcel,14,2-3 Weeks,627,63,39501,33952,0.14047745626692995,Y,0.01
Small Parcel,4,Less Than 1 Week,152,602,91504,70538,0.2291265955586641,N,0.0
Small Parcel,17,2-3 Weeks,1760,396,696960,602123,0.13607237144168963,Y,0.03
Large Parcel,3,72 Hours,630,499,314370,270965,0.1380697903743996,N,0.0
Small Parcel,9,1-2 Weeks,244,458,111752,88056,0.21204094781301452,N,0.0
Small Parcel,13,1-2 Weeks,446,486,216756,204259,0.057654690066249605,N,0.0
Large Parcel,25,3-4 Weeks,1801,523,941923,894265,0.05059649249460943,N,0.0
Small Parcel,20,2-3 Weeks,229,861,197169,162450,0.17608751882902485,N,0.0
Large Parcel,20,2-3 Weeks,2340,682,1595880,1310434,0.1788643256385192,N,0.0
Large Parcel,3,72 Hours,6260,793,4964180,4379712,0.11773706835771466,Y,0.04
Small Parcel,12,1-2 Weeks,160,148,23680,18683,0.21102195945945945,Y,0.08
Large Parcel,3,72 Hours,1494,367,548298,475676,0.13244987214981635,N,0.0
Small Parcel,18,2-3 Weeks,983,234,230022,180264,0.21631843910582466,N,0.0
Large Parcel,11,1-2 Weeks,410,255,104550,97058,0.07165949306551889,N,0.0
Small Parcel,1,24 Hours,908,1444,1311152,1027953,0.21599250125080846,Y,0.03
Large Parcel,27,3-4 Weeks,1581,2445,3865545,3385745,0.12412221303852368,N,0.0
Large Parcel,1,24 Hours,1058,2013,2129754,1972102,0.07402357267552966,Y,0.01
Small Parcel,13,1-2 Weeks,892,258,230136,199240,0.1342510515521257,N,0.0
Large Parcel,2,48 Hours,1414,590,834260,756491,0.09321914031596865,Y,0.02
Small Parcel,4,Less Than 1 Week,321,3057,981297,737900,0.2480360176378813,Y,0.05
Large Parcel,3,72 Hours,1810,299,541190,422867,0.21863486021545114,N,0.0
Small Parcel,4,Less Than 1 Week,484,1172,567248,446123,0.2135309423744112,N,0.0
Large Parcel,9,1-2 Weeks,1517,1037,1573129,1244446,0.20893582153783954,Y,0.01
Small Parcel,6,Less Than 1 Week,208,744,154752,134958,0.12790787841191067,Y,0.04
Small Parcel,2,48 Hours,892,410,365720,318241,0.12982336213496665,N,0.0
Large Parcel,22,3-4 Weeks,186,258,47988,41900,0.12686504959573228,N,0.0
Small Parcel,19,2-3 Weeks,257,1356,348492,308593,0.11449043306589535,Y,0.02
Large Parcel,3,72 Hours,1838,411,755418,639412,0.15356531086100675,Y,0.25
Small Parcel,1,24 Hours,2327,1531,3562637,3005087,0.15649924480097185,Y,0.03
Large Parcel,12,1-2 Weeks,2637,391,1031067,918141,0.10952343543145111,Y,0.01
Large Parcel,22,3-4 Weeks,203,763,154889,141958,0.08348559290846994,N,0.0
Small Parcel,26,3-4 Weeks,131,447,58557,46129,0.21223764878665233,N,0.0
Small Parcel,25,3-4 Weeks,625,1584,990000,935519,0.05503131313131313,N,0.0
Small Parcel,1,24 Hours,326,601,195926,169331,0.13574002429488685,N,0.0
Large Parcel,1,24 Hours,409,1293,528837,460142,0.12989824842059083,Y,0.02
Small Parcel,8,1-2 Weeks,329,50,16450,15611,0.05100303951367781,N,0.0
Large Parcel,3,72 Hours,75,499,37425,31238,0.16531730126920507,N,0.0
Small Parcel,20,2-3 Weeks,603,454,273762,231088,0.1558799248982693,N,0.0
Large Parcel,27,3-4 Weeks,990,318,314820,276959,0.1202623721491646,N,0.0
Small Parcel,6,Less Than 1 Week,829,600,497400,472227,0.05060916767189385,N,0.0
Small Parcel,27,3-4 Weeks,75,677,50775,38384,0.24403741999015263,Y,0.05
Small Parcel,13,1-2 Weeks,2105,260,547300,424771,0.22387904257262928,Y,0.02
Small Parcel,15,2-3 Weeks,2229,50,111450,90314,0.18964558097801704,N,0.0
Large Parcel,1,24 Hours,584,87,50808,48135,0.052609825224374115,N,0.0
Large Parcel,2,48 Hours,768,383,294144,240893,0.18103717906875544,Y,0.01
Large Parcel,25,3-4 Weeks,1116,50,55800,43341,0.2232795698924731,Y,0.02
Small Parcel,20,2-3 Weeks,1600,1052,1683200,1435510,0.1471542300380228,N,0.0
Large Parcel,10,1-2 Weeks,360,653,235080,221732,0.05678067041007317,Y,0.08
Large Parcel,24,3-4 Weeks,1358,287,389746,363054,0.06848562910203056,N,0.0
Small Parcel,15,2-3 Weeks,650,152,98800,82573,0.16424089068825912,Y,0.03
Large Parcel,1,24 Hours,352,140,49280,38714,0.21440746753246753,Y,0.01
Small Parcel,7,1-2 Weeks,2785,489,1361865,1122355,0.17586912065439672,Y,0.09
Large Parcel,5,Less Than 1 Week,412,2029,835948,756839,0.09463387674831449,Y,0.02
Small Parcel,2,48 Hours,399,493,196707,147720,0.24903536732297274,N,0.0
Large Parcel,11,1-2 Weeks,845,1001,845845,659203,0.22065744905981594,N,0.0
Large Parcel,3,72 Hours,401,1865,747865,592150,0.20821271218736,N,0.0
Large Parcel,2,48 Hours,294,152,44688,37519,0.1604233798782671,Y,0.04
Large Parcel,5,Less Than 1 Week,606,1167,707202,622261,0.12010854041702371,Y,0.22
Small Parcel,22,3-4 Weeks,664,2477,1644728,1342643,0.18366866740275595,Y,0.04
Small Parcel,2,48 Hours,712,2326,1656112,1569106,0.05253630189262562,N,0.0
Large Parcel,5,Less Than 1 Week,1590,257,408630,382936,0.06287839855125664,N,0.0
Small Parcel,1,24 Hours,1588,461,732068,654484,0.10597922597354344,Y,0.16
Small Parcel,1,24 Hours,383,463,177329,145900,0.1772355339510176,Y,0.02
Small Parcel,25,3-4 Weeks,2669,773,2063137,1599034,0.22495016084729225,Y,0.08
Small Parcel,2,48 Hours,2523,2559,6456357,5908245,0.08489493378386605,N,0.0
Large Parcel,7,1-2 Weeks,713,111,79143,72632,0.08226880456894482,Y,0.05
Small Parcel,3,72 Hours,402,1955,785910,687725,0.12493160794493008,N,0.0
Large Parcel,1,24 Hours,767,1112,852904,791731,0.07172319510753848,N,0.0
Large Parcel,3,72 Hours,282,509,143538,127059,0.11480583538853822,N,0.0
Large Parcel,10,1-2 Weeks,2079,585,1216215,960928,0.2099028543472988,Y,0.01
Large Parcel,23,3-4 Weeks,841,1061,892301,843189,0.05503972314275116,N,0.0
Small Parcel,3,72 Hours,615,754,463710,423766,0.08614004442431693,N,0.0
Small Parcel,1,24 Hours,398,639,254322,240046,0.05613356296348723,N,0.0
Large Parcel,27,3-4 Weeks,519,707,366933,295472,0.19475217546527568,N,0.0
Small Parcel,5,Less Than 1 Week,141,438,61758,53227,0.13813594999838077,N,0.0
Small Parcel,7,1-2 Weeks,401,993,398193,356877,0.10375873006305987,N,0.0
Large Parcel,1,24 Hours,99,230,22770,18755,0.17632850241545894,Y,0.02
Large Parcel,10,1-2 Weeks,75,1315,98625,74125,0.24841571609632446,N,0.0
Large Parcel,1,24 Hours,366,146,53436,49740,0.06916685380642264,Y,0.02
Large Parcel,4,Less Than 1 Week,79,763,60277,45599,0.24350913283673706,N,0.0
Large Parcel,27,3-4 Weeks,945,78,73710,60932,0.17335504002170668,Y,0.02
Small Parcel,7,1-2 Weeks,1367,130,177710,147781,0.1684148331551404,N,0.0
Small Parcel,3,72 Hours,75,115,8625,7247,0.159768115942029,Y,0.02
Small Parcel,21,3-4 Weeks,1300,3245,4218500,3334495,0.20955434396112363,Y,0.02
Large Parcel,25,3-4 Weeks,635,3719,2361565,1873911,0.20649611592312725,N,0.0
Large Parcel,3,72 Hours,896,868,777728,630041,0.18989543902238315,N,0.0
Small Parcel,3,72 Hours,5250,623,3270750,2586266,0.2092743254605213,Y,0.05
Small Parcel,1,24 Hours,201,608,122208,104893,0.14168466876145588,N,0.0
Small Parcel,1,24 Hours,450,1677,754650,650826,0.13757901013714968,N,0.0
Large Parcel,4,Less Than 1 Week,1714,81,138834,111236,0.19878415949983433,N,0.0
Large Parcel,2,48 Hours,3114,371,1155294,1096315,0.051051074445119596,Y,0.25
Small Parcel,1,24 Hours,733,159,116547,102194,0.12315203308536471,N,0.0
Large Parcel,17,2-3 Weeks,2960,249,737040,644279,0.1258561272115489,Y,0.14
Large Parcel,13,1-2 Weeks,909,409,371781,312366,0.15981182470325273,Y,0.01
Small Parcel,10,1-2 Weeks,338,242,81796,66600,0.18577925570932563,N,0.0
Small Parcel,20,2-3 Weeks,165,453,74745,56727,0.2410596026490066,N,0.0
Small Parcel,25,3-4 Weeks,221,50,11050,9216,0.16597285067873302,Y,0.12
Small Parcel,1,24 Hours,1046,590,617140,550151,0.10854749327543183,N,0.0
Large Parcel,4,Less Than 1 Week,187,274,51238,46710,0.0883719114719544,N,0.0
Large Parcel,11,1-2 Weeks,728,912,663936,574860,0.13416353383458646,N,0.0
Large Parcel,25,3-4 Weeks,75,555,41625,38940,0.0645045045045045,Y,0.04
Large Parcel,4,Less Than 1 Week,1846,50,92300,87166,0.05562296858071506,Y,0.07
Small Parcel,8,1-2 Weeks,1036,352,364672,287438,0.21179032116532118,Y,0.01
Small Parcel,2,48 Hours,888,1379,1224552,999547,0.18374474910007904,Y,0.01
Small Parcel,15,2-3 Weeks,228,50,11400,8814,0.2268421052631579,Y,0.11
Large Parcel,17,2-3 Weeks,110,101,11110,10205,0.08145814581458145,Y,0.02
Small Parcel,6,Less Than 1 Week,2737,382,1045534,862593,0.17497374547360486,Y,0.04
Large Parcel,12,1-2 Weeks,1552,2240,3476480,2896698,0.16677271262886598,N,0.0
Large Parcel,2,48 Hours,2593,2660,6897380,6267773,0.09128205202555173,N,0.0
Small Parcel,10,1-2 Weeks,1199,365,437635,347253,0.20652370125789757,N,0.0
Small Parcel,2,48 Hours,996,455,453180,406871,0.10218676905423893,Y,0.15
Small Parcel,22,3-4 Weeks,951,747,710397,607799,0.1444234702567719,Y,0.17
Large Parcel,1,24 Hours,1267,255,323085,251892,0.22035377686986396,Y,0.02
Large Parcel,10,1-2 Weeks,302,3718,1122836,1066678,0.050014427752583634,N,0.0
Small Parcel,13,1-2 Weeks,181,4107,743367,680200,0.08497417829954787,N,0.0
Large Parcel,1,24 Hours,1291,2453,3166823,2557490,0.1924114483190251,N,0.0
Small Parcel,2,48 Hours,517,1137,587829,540817,0.07997563917397747,N,0.0
Large Parcel,22,3-4 Weeks,439,910,399490,309232,0.22593306465743823,N,0.0
Large Parcel,9,1-2 Weeks,1958,573,1121934,1059227,0.055891879557977565,N,0.0
Large Parcel,18,2-3 Weeks,3783,129,488007,460402,0.05656681154163772,N,0.0
Small Parcel,2,48 Hours,1475,2223,3278925,2975014,0.09268617000998804,N,0.0
Small Parcel,4,Less Than 1 Week,966,1270,1226820,964412,0.2138928286138146,Y,0.05
Small Parcel,1,24 Hours,771,519,400149,345171,0.13739382080175136,N,0.0
Large Parcel,11,1-2 Weeks,1829,4388,8025652,6400502,0.20249445154113335,N,0.0
Large Parcel,8,1-2 Weeks,489,471,230319,176274,0.23465280762768162,Y,0.02
Large Parcel,3,72 Hours,3693,1583,5846019,5154857,0.11822780596505075,N,0.0
Small Parcel,3,72 Hours,830,3674,3049420,2656265,0.1289277961054889,Y,0.04
Small Parcel,16,2-3 Weeks,2079,523,1087317,934942,0.14013852445974817,Y,0.11
Small Parcel,2,48 Hours,75,476,35700,31337,0.12221288515406162,N,0.0
Large Parcel,20,2-3 Weeks,762,426,324612,252078,0.2234483013566966,N,0.0
Large Parcel,23,3-4 Weeks,3117,258,804186,634469,0.2110419728769215,Y,0.43
Large Parcel,3,72 Hours,1073,437,468901,361869,0.2282614027268016,N,0.0
Small Parcel,4,Less Than 1 Week,537,1168,627216,533987,0.14863938419938266,Y,0.02
Small Parcel,6,Less Than 1 Week,3059,1097,3355723,3135956,0.06549020881640112,N,0.0
Large Parcel,7,1-2 Weeks,904,483,436632,373776,0.14395646677293464,Y,0.05
Small Parcel,22,3-4 Weeks,1458,2747,4005126,3051816,0.23802247419931358,N,0.0
Large Parcel,26,3-4 Weeks,5903,345,2036535,1562052,0.23298543850216177,Y,0.15
Small Parcel,9,1-2 Weeks,801,714,571914,473719,0.17169539476214957,Y,0.09
Large Parcel,11,1-2 Weeks,1882,1702,3203164,3019976,0.05718970368048592,N,0.0
Small Parcel,20,2-3 Weeks,1745,1876,3273620,2829122,0.13578179507700955,N,0.0
Small Parcel,14,2-3 Weeks,908,1037,941596,850714,0.09651910161045714,N,0.0
Small Parcel,9,1-2 Weeks,266,1885,501410,427855,0.14669631638778644,N,0.0
Small Parcel,3,72 Hours,311,510,158610,150318,0.05227917533572915,Y,0.17
Large Parcel,1,24 Hours,938,731,685678,631320,0.0792762783697304,Y,0.03
Large Parcel,3,72 Hours,1503,1944,2921832,2627879,0.10060571586593617,Y,0.01
Small Parcel,3,72 Hours,214,396,84744,78929,0.06861842726328708,N,0.0
Large Parcel,11,1-2 Weeks,4060,513,2082780,1691386,0.18791903129471188,N,0.0
Large Parcel,2,48 Hours,821,751,616571,569644,0.07610964511791829,N,0.0
Large Parcel,6,Less Than 1 Week,574,1409,808766,671864,0.169272694450558,Y,0.05
Small Parcel,2,48 Hours,685,1902,1302870,1204160,0.07576350671978017,Y,0.01
Small Parcel,2,48 Hours,773,611,472303,396880,0.15969197739586663,N,0.0
Small Parcel,1,24 Hours,939,445,417855,319726,0.23483983678548778,N,0.0
Small Parcel,12,1-2 Weeks,844,1048,884512,762281,0.13819032415614485,N,0.0
Small Parcel,7,1-2 Weeks,333,707,235431,181449,0.22929011047822928,N,0.0
Small Parcel,24,3-4 Weeks,1117,1018,1137106,1072866,0.05649429340800242,Y,0.02
Large Parcel,6,Less Than 1 Week,1496,675,1009800,882540,0.12602495543672015,N,0.0
Large Parcel,15,2-3 Weeks,102,160,16320,13866,0.15036764705882352,N,0.0
Large Parcel,1,24 Hours,963,207,199341,172559,0.13435269212053716,N,0.0
Large Parcel,4,Less Than 1 Week,1202,376,451952,388505,0.14038437710199314,Y,0.09
Small Parcel,19,2-3 Weeks,420,927,389340,329784,0.15296655879180152,N,0.0
Small Parcel,15,2-3 Weeks,2166,1137,2462742,2164799,0.12098019199737528,Y,0.02
Large Parcel,4,Less Than 1 Week,575,108,62100,55056,0.11342995169082126,N,0.0
Large Parcel,2,48 Hours,816,1023,834768,657546,0.2123009027657984,Y,0.18
Large Parcel,17,2-3 Weeks,442,1548,684216,519222,0.2411431477778947,Y,0.18
Large Parcel,13,1-2 Weeks,629,811,510119,383954,0.2473246438576097,N,0.0
Small Parcel,16,2-3 Weeks,1118,262,292916,244353,0.16579155798932116,Y,0.12
Small Parcel,1,24 Hours,75,253,18975,15862,0.16405797101449276,Y,0.04
Small Parcel,11,1-2 Weeks,5063,1273,6445199,5983697,0.07160399547011659,N,0.0
Large Parcel,1,24 Hours,1466,1653,2423298,1855843,0.23416641288029785,Y,0.13
Small Parcel,18,2-3 Weeks,610,214,130540,107739,0.1746667688064961,Y,0.38
Small Parcel,1,24 Hours,574,297,170478,137353,0.19430659674562115,N,0.0
Large Parcel,6,Less Than 1 Week,360,435,156600,125996,0.1954278416347382,N,0.0
Large Parcel,14,2-3 Weeks,547,1746,955062,749034,0.21572212065813529,N,0.0
Small Parcel,13,1-2 Weeks,720,2249,1619280,1233117,0.2384782125389062,Y,0.11
Large Parcel,5,Less Than 1 Week,1679,1048,1759592,1329145,0.24462886851042742,Y,0.01
Large Parcel,4,Less Than 1 Week,75,2696,202200,168184,0.16822947576656774,Y,0.03
Small Parcel,21,3-4 Weeks,144,97,13968,10744,0.23081328751431845,N,0.0
Large Parcel,2,48 Hours,366,649,237534,219012,0.07797620551163202,Y,0.3
Small Parcel,5,Less Than 1 Week,260,276,71760,55371,0.22838628762541807,Y,0.03
Large Parcel,18,2-3 Weeks,500,181,90500,83810,0.07392265193370166,N,0.0
Small Parcel,19,2-3 Weeks,938,1969,1846922,1443922,0.21820087691846218,Y,0.01
Small Parcel,9,1-2 Weeks,573,76,43548,40692,0.06558280518049049,Y,0.02
Large Parcel,3,72 Hours,151,50,7550,6328,0.1618543046357616,Y,0.02
Large Parcel,25,3-4 Weeks,846,425,359550,314885,0.12422472535113337,N,0.0
Small Parcel,26,3-4 Weeks,965,65,62725,55921,0.1084734954165006,Y,0.01
Large Parcel,6,Less Than 1 Week,75,906,67950,57345,0.15607064017660044,Y,0.03
Small Parcel,2,48 Hours,2019,1432,2891208,2205565,0.2371475867526653,Y,0.07
Small Parcel,11,1-2 Weeks,1969,50,98450,82804,0.15892331132554596,Y,0.24
Small Parcel,2,48 Hours,572,62,35464,27660,0.2200541394089781,N,0.0
Small Parcel,18,2-3 Weeks,736,256,188416,156295,0.17047915251358695,N,0.0
Large Parcel,1,24 Hours,487,775,377425,349486,0.07402530304033914,Y,0.05
Large Parcel,2,48 Hours,1112,2231,2480872,2232220,0.10022766188662696,N,0.0
Large Parcel,2,48 Hours,913,575,524975,458585,0.1264631649126149,Y,0.17
Small Parcel,13,1-2 Weeks,323,1034,333982,268075,0.1973369822325754,Y,0.05
Large Parcel,2,48 Hours,2136,2060,4400160,4022048,0.0859314206756118,N,0.0
Large Parcel,11,1-2 Weeks,337,2137,720169,576616,0.1993323789277239,Y,0.07
Small Parcel,16,2-3 Weeks,2538,62,157356,129811,0.17504893362820612,N,0.0
Small Parcel,1,24 Hours,1574,4500,7083000,6174513,0.12826302414231258,Y,0.05
Large Parcel,18,2-3 Weeks,723,321,232083,202012,0.12957002451709088,Y,0.02
Large Parcel,1,24 Hours,1151,263,302713,261257,0.136948198458606,Y,0.02
Small Parcel,23,3-4 Weeks,245,389,95305,83431,0.12458947589318503,Y,0.01
Small Parcel,27,3-4 Weeks,359,267,95853,84123,0.12237488654502207,Y,0.06
Small Parcel,22,3-4 Weeks,4201,1638,6881238,6312805,0.08260621126605416,N,0.0
Large Parcel,6,Less Than 1 Week,211,1045,220495,168454,0.23601895734597156,N,0.0
Large Parcel,5,Less Than 1 Week,346,360,124560,107575,0.13635998715478484,N,0.0
Large Parcel,14,2-3 Weeks,2462,1620,3988440,3063175,0.2319866915385464,N,0.0
Small Parcel,1,24 Hours,1098,1133,1244034,1103392,0.11305318021854709,N,0.0
Small Parcel,13,1-2 Weeks,2416,2982,7204512,6387298,0.11343086110481876,N,0.0
Large Parcel,13,1-2 Weeks,658,545,358610,313001,0.1271827333314743,Y,0.01
Small Parcel,9,1-2 Weeks,315,50,15750,13139,0.16577777777777777,Y,0.02
Small Parcel,25,3-4 Weeks,1356,974,1320744,1182085,0.10498552331110343,Y,0.36
Small Parcel,8,1-2 Weeks,916,3306,3028296,2518473,0.16835309362096704,N,0.0
Large Parcel,26,3-4 Weeks,1664,1434,2386176,1872370,0.2153261117369381,Y,0.01
Large Parcel,3,72 Hours,1099,2619,2878281,2360264,0.17997443613045425,N,0.0
Small Parcel,23,3-4 Weeks,1286,537,690582,597858,0.13426935541326013,N,0.0
Large Parcel,2,48 Hours,1383,2309,3193347,2846835,0.10851060031997775,N,0.0
Small Parcel,2,48 Hours,75,125,9375,8038,0.14261333333333334,N,0.0
Large Parcel,24,3-4 Weeks,231,1011,233541,183754,0.21318312416235266,N,0.0
Small Parcel,19,2-3 Weeks,339,1458,494262,435858,0.11816405064520437,Y,0.1
Large Parcel,1,24 Hours,854,299,255346,214907,0.15836942814847305,Y,0.02
Small Parcel,15,2-3 Weeks,1145,1624,1859480,1579609,0.15051035773442037,Y,0.02
Small Parcel,20,2-3 Weeks,1006,50,50300,41707,0.17083499005964214,Y,0.05
Large Parcel,2,48 Hours,2893,73,211189,172028,0.1854310593828277,Y,0.02
Large Parcel,12,1-2 Weeks,785,3852,3023820,2284426,0.24452315283317128,Y,0.01
Large Parcel,3,72 Hours,442,2592,1145664,1056135,0.07814594855036032,N,0.0
Large Parcel,3,72 Hours,713,3874,2762162,2107538,0.23699696107614254,N,0.0
Large Parcel,21,3-4 Weeks,1736,463,803768,681406,0.1522354709319107,Y,0.15
Small Parcel,13,1-2 Weeks,247,1367,337649,280370,0.16964066234462416,N,0.0
Large Parcel,2,48 Hours,1663,260,432380,344047,0.20429483324853137,Y,0.02
Small Parcel,2,48 Hours,398,1010,401980,375165,0.06670729887059057,Y,0.04
Large Parcel,24,3-4 Weeks,264,336,88704,80719,0.09001848845598845,N,0.0
Large Parcel,1,24 Hours,3746,188,704248,545843,0.22492786631981915,Y,0.1
Small Parcel,6,Less Than 1 Week,2475,706,1747350,1426957,0.18335937276447192,Y,0.03
Large Parcel,7,1-2 Weeks,398,145,57710,51405,0.10925316236354185,Y,0.01
Small Parcel,11,1-2 Weeks,1680,3371,5663280,5271864,0.06911471797262364,Y,0.03
Large Parcel,23,3-4 Weeks,797,925,737225,667503,0.09457356980569026,Y,0.36
Large Parcel,12,1-2 Weeks,284,332,94288,72365,0.2325110300356355,N,0.0
Small Parcel,10,1-2 Weeks,851,1255,1068005,929795,0.129409506509801,N,0.0
Large Parcel,5,Less Than 1 Week,2338,988,2309944,1849861,0.19917495835396876,Y,0.05
Large Parcel,2,48 Hours,467,465,217155,203352,0.06356289286454377,N,0.0
Large Parcel,5,Less Than 1 Week,1095,3237,3544515,3103830,0.12432871634059948,Y,0.12
Large Parcel,2,48 Hours,125,574,71750,56630,0.21073170731707316,N,0.0
Small Parcel,17,2-3 Weeks,75,581,43575,41329,0.05154331612162937,N,0.0
Large Parcel,2,48 Hours,91,928,84448,77962,0.07680466085638499,N,0.0
Large Parcel,3,72 Hours,710,1380,979800,917203,0.06388752806695244,Y,0.05
Large Parcel,13,1-2 Weeks,1917,2412,4623804,4297212,0.07063275173428632,Y,0.02
Large Parcel,3,72 Hours,2828,220,622160,509139,0.18165905876301916,Y,0.07
Large Parcel,2,48 Hours,140,124,17360,16318,0.06002304147465438,Y,0.02
Large Parcel,4,Less Than 1 Week,123,134,16482,12858,0.2198762286130324,Y,0.69
Large Parcel,20,2-3 Weeks,1158,2648,3066384,2471121,0.1941253932971213,Y,0.0
Large Parcel,23,3-4 Weeks,133,1031,137123,124526,0.09186642649300263,N,0.0
Small Parcel,3,72 Hours,75,1038,77850,72857,0.06413615928066795,Y,0.01
Small Parcel,2,48 Hours,891,1187,1057617,884850,0.16335497632886006,Y,0.03
Large Parcel,25,3-4 Weeks,494,1933,954902,874484,0.08421597190078144,N,0.0
Small Parcel,20,2-3 Weeks,1305,1305,1703025,1284719,0.24562528442036963,N,0.0
Large Parcel,1,24 Hours,2316,358,829128,630253,0.23986043168244228,Y,0.04
Small Parcel,3,72 Hours,75,51,3825,2954,0.22771241830065359,Y,0.02
Small Parcel,21,3-4 Weeks,1521,2304,3504384,2636105,0.24776936545766673,Y,0.04
Small Parcel,5,Less Than 1 Week,75,917,68775,64243,0.06589603780443475,N,0.0
Small Parcel,2,48 Hours,428,1462,625736,503013,0.1961258422082156,N,0.0
Large Parcel,5,Less Than 1 Week,659,2394,1577646,1183318,0.24994707304426975,Y,0.02
Small Parcel,6,Less Than 1 Week,75,290,21750,17274,0.20579310344827587,N,0.0
Small Parcel,2,48 Hours,1711,442,756262,597040,0.2105381468327114,N,0.0
Small Parcel,10,1-2 Weeks,249,1482,369018,326924,0.11407031635313182,Y,0.01
Large Parcel,5,Less Than 1 Week,75,422,31650,28212,0.10862559241706161,N,0.0
Large Parcel,1,24 Hours,1336,244,325984,260867,0.19975520270933542,Y,0.04
Large Parcel,3,72 Hours,2913,910,2650830,2068576,0.21964969462394798,N,0.0
Small Parcel,13,1-2 Weeks,231,406,93786,79757,0.14958522593990575,Y,0.02
Large Parcel,18,2-3 Weeks,773,1397,1079881,853444,0.20968699328907536,Y,0.03
Large Parcel,19,2-3 Weeks,944,882,832608,684872,0.17743764172335602,Y,0.03
Small Parcel,2,48 Hours,364,1901,691964,609722,0.11885300391349839,Y,0.01
Small Parcel,11,1-2 Weeks,1743,1613,2811459,2242589,0.2023397815867135,N,0.0
Large Parcel,6,Less Than 1 Week,436,630,274680,250493,0.08805519149555847,Y,0.01
Small Parcel,23,3-4 Weeks,767,402,308334,271179,0.12050244215688183,Y,0.05
Large Parcel,14,2-3 Weeks,1607,683,1097581,958052,0.12712410291358905,Y,0.19
Large Parcel,24,3-4 Weeks,1495,452,675740,631856,0.06494213750850919,N,0.0
Large Parcel,13,1-2 Weeks,1846,1709,3154814,2761147,0.12478295075399057,Y,0.28
Large Parcel,15,2-3 Weeks,517,273,141141,107756,0.23653651313225782,Y,0.13
Large Parcel,11,1-2 Weeks,1158,1124,1301592,1234522,0.05152920423604324,N,0.0
Large Parcel,9,1-2 Weeks,690,593,409170,334094,0.18348363760784026,N,0.0
Small Parcel,5,Less Than 1 Week,1921,514,987394,762929,0.22733073119747538,Y,0.05
Large Parcel,2,48 Hours,2512,1647,4137264,3705109,0.10445429636590751,N,0.0
Small Parcel,24,3-4 Weeks,249,2055,511695,410907,0.19696889748776125,N,0.0
Small Parcel,3,72 Hours,75,830,62250,57876,0.07026506024096385,Y,0.17
Small Parcel,23,3-4 Weeks,1289,284,366076,315798,0.13734306537440313,Y,0.05
Small Parcel,3,72 Hours,2128,424,902272,716352,0.20605759682224428,Y,0.2
Small Parcel,1,24 Hours,367,3043,1116781,1010897,0.09481178494261633,N,0.0
Large Parcel,17,2-3 Weeks,2936,461,1353496,1190125,0.12070297954334552,N,0.0
Large Parcel,4,Less Than 1 Week,691,1082,747662,681136,0.08897870963082248,N,0.0
Large Parcel,3,72 Hours,401,724,290324,227037,0.21798748983893856,N,0.0
Small Parcel,12,1-2 Weeks,2069,1440,2979360,2751693,0.07641473336555502,Y,0.04
Small Parcel,1,24 Hours,75,108,8100,7308,0.09777777777777778,N,0.0
Large Parcel,2,48 Hours,454,50,22700,18486,0.18563876651982378,N,0.0
Small Parcel,26,3-4 Weeks,204,1443,294372,270030,0.08269128857364151,Y,0.06
Large Parcel,2,48 Hours,1805,416,750880,599471,0.20164207330066056,Y,0.19
Small Parcel,1,24 Hours,97,3714,360258,277179,0.2306097296937195,N,0.0
Small Parcel,14,2-3 Weeks,381,50,19050,17301,0.09181102362204724,Y,0.04
Large Parcel,1,24 Hours,430,1018,437740,412732,0.057129803079453555,N,0.0
Small Parcel,6,Less Than 1 Week,952,3302,3143504,2497400,0.2055362423588454,Y,0.14
Small Parcel,1,24 Hours,223,212,47276,38142,0.19320585497927067,Y,0.15
Large Parcel,3,72 Hours,2968,3421,10153528,9627792,0.05177865270081493,N,0.0
Large Parcel,1,24 Hours,704,442,311168,235896,0.2419014808720691,N,0.0
Large Parcel,13,1-2 Weeks,1046,1415,1480090,1318856,0.10893526744995237,N,0.0
Small Parcel,2,48 Hours,616,156,96096,89043,0.07339535464535464,Y,0.01
Large Parcel,16,2-3 Weeks,75,2044,153300,117912,0.23084148727984344,N,0.0
Small Parcel,2,48 Hours,1087,50,54350,41099,0.24380864765409382,N,0.0
Small Parcel,18,2-3 Weeks,771,196,151116,120728,0.2010905529526986,N,0.0
Small Parcel,8,1-2 Weeks,889,1568,1393952,1138891,0.18297688873074539,Y,0.03
Small Parcel,27,3-4 Weeks,188,2861,537868,498327,0.0735143194984643,N,0.0
Small Parcel,1,24 Hours,1546,1556,2405576,2018587,0.16087165818082655,N,0.0
Large Parcel,10,1-2 Weeks,489,3295,1611255,1309628,0.18720003972059046,Y,0.07
Small Parcel,1,24 Hours,324,649,210276,172887,0.1778091650973007,N,0.0
Small Parcel,19,2-3 Weeks,877,1578,1383906,1119200,0.19127455188430428,N,0.0
Small Parcel,14,2-3 Weeks,307,828,254196,224593,0.1164573793450723,Y,0.06
Large Parcel,20,2-3 Weeks,412,576,237312,220077,0.07262591019417476,Y,0.02
Large Parcel,3,72 Hours,344,424,145856,127366,0.1267688679245283,N,0.0
Large Parcel,1,24 Hours,3518,5308,18673544,14739849,0.21065604900708726,N,0.0
Small Parcel,3,72 Hours,710,1172,832120,777058,0.06617074460414363,Y,0.01
Small Parcel,20,2-3 Weeks,768,1397,1072896,865643,0.19317156555714626,Y,0.01
Large Parcel,2,48 Hours,2125,55,116875,93708,0.19822032085561497,N,0.0
Small Parcel,6,Less Than 1 Week,493,503,247979,189277,0.2367216578823207,Y,0.06
Small Parcel,6,Less Than 1 Week,223,779,173717,152908,0.11978677964735748,Y,0.05
Small Parcel,3,72 Hours,496,562,278752,237548,0.14781597979566066,N,0.0
Small Parcel,2,48 Hours,848,538,456224,378143,0.17114619134460266,N,0.0
Small Parcel,2,48 Hours,566,1224,692784,538861,0.22218036213307465,N,0.0
Large Parcel,6,Less Than 1 Week,257,2212,568484,513706,0.09635803294375919,Y,0.24
Large Parcel,8,1-2 Weeks,295,1325,390875,370477,0.05218548129197314,Y,0.04
Small Parcel,2,48 Hours,559,937,523783,425103,0.18839863073066518,N,0.0
Small Parcel,25,3-4 Weeks,2789,1942,5416238,4746862,0.12358688816850368,Y,0.09
Small Parcel,1,24 Hours,2005,1442,2891210,2513339,0.1306964903967543,Y,0.06
Small Parcel,27,3-4 Weeks,613,295,180835,159210,0.11958415129814472,Y,0.02
Large Parcel,2,48 Hours,1311,1508,1976988,1648891,0.16595801289638581,N,0.0
Large Parcel,6,Less Than 1 Week,1469,433,636077,507734,0.2017727413504969,Y,0.02
Large Parcel,1,24 Hours,1060,307,325420,276762,0.1495236924589761,Y,0.06
Large Parcel,6,Less Than 1 Week,342,127,43434,36705,0.15492471335819866,Y,0.0
Small Parcel,27,3-4 Weeks,131,489,64059,58907,0.08042585741269767,Y,0.05
Small Parcel,11,1-2 Weeks,305,1567,477935,366616,0.2329166099992677,N,0.0
Large Parcel,1,24 Hours,2450,198,485100,448023,0.07643166357452072,N,0.0
Small Parcel,1,24 Hours,1103,365,402595,345936,0.1407344850283784,N,0.0
Large Parcel,3,72 Hours,741,368,272688,253910,0.06886258287860118,Y,0.3
Small Parcel,5,Less Than 1 Week,1347,309,416223,336192,0.19227913882702302,N,0.0
Small Parcel,6,Less Than 1 Week,1794,565,1013610,781912,0.22858693185742052,N,0.0
Small Parcel,4,Less Than 1 Week,2312,1767,4085304,3414274,0.16425460626675517,N,0.0
Large Parcel,10,1-2 Weeks,2577,706,1819362,1621571,0.10871448342880637,N,0.0
Large Parcel,8,1-2 Weeks,513,1243,637659,604108,0.052615896584224484,Y,0.03
Large Parcel,16,2-3 Weeks,75,1255,94125,88441,0.060387782204515274,Y,0.03
Large Parcel,6,Less Than 1 Week,322,321,103362,96742,0.06404674832143341,N,0.0
Large Parcel,3,72 Hours,1420,2220,3152400,2410763,0.23526107093008503,N,0.0
Large Parcel,9,1-2 Weeks,402,203,81606,74426,0.08798372668676323,N,0.0
Large Parcel,1,24 Hours,253,407,102971,80768,0.21562381641433026,N,0.0
Large Parcel,2,48 Hours,217,329,71393,54196,0.2408779572226969,Y,0.48
Small Parcel,4,Less Than 1 Week,459,839,385101,307292,0.20204829382421755,Y,0.02
Small Parcel,2,48 Hours,616,3614,2226224,1861116,0.16400326292412623,N,0.0
Small Parcel,1,24 Hours,427,210,89670,80024,0.10757220921155347,Y,0.01
Large Parcel,3,72 Hours,927,821,761067,593733,0.21986763320443536,Y,0.09
Small Parcel,5,Less Than 1 Week,1114,1342,1494988,1314697,0.12059695462438494,Y,0.01
Small Parcel,3,72 Hours,109,2901,316209,281713,0.10909240407452034,N,0.0
Large Parcel,18,2-3 Weeks,161,393,63273,58678,0.0726218134117238,N,0.0
Large Parcel,22,3-4 Weeks,1237,903,1117011,991831,0.11206693577771391,Y,0.05
Large Parcel,14,2-3 Weeks,946,1305,1234530,948317,0.23183964747717756,N,0.0
Large Parcel,13,1-2 Weeks,1345,594,798930,740492,0.07314533188139136,N,0.0
Large Parcel,2,48 Hours,1446,889,1285494,1161643,0.0963450626762941,Y,0.02
Small Parcel,3,72 Hours,634,171,108414,82866,0.2356522220377442,N,0.0
Small Parcel,24,3-4 Weeks,1147,1230,1410810,1302176,0.07700115536464867,N,0.0
Large Parcel,6,Less Than 1 Week,537,3495,1876815,1689299,0.09991181869283866,Y,0.03
Small Parcel,3,72 Hours,348,479,166692,144190,0.13499148129484317,Y,0.02
Large Parcel,2,48 Hours,140,1835,256900,201527,0.21554301284546515,Y,0.2
Large Parcel,19,2-3 Weeks,471,1643,773853,600133,0.22448707958746686,Y,0.03
Large Parcel,15,2-3 Weeks,846,77,65142,49607,0.23847901507475974,Y,0.02
Small Parcel,10,1-2 Weeks,283,444,125652,118985,0.05305924298857161,N,0.0
Small Parcel,16,2-3 Weeks,630,90,56700,50289,0.11306878306878307,N,0.0
Large Parcel,3,72 Hours,111,50,5550,5260,0.05225225225225225,N,0.0
Large Parcel,24,3-4 Weeks,75,1720,129000,103844,0.1950077519379845,Y,0.03
Large Parcel,21,3-4 Weeks,364,1850,673400,596144,0.11472527472527473,N,0.0
Small Parcel,4,Less Than 1 Week,173,2524,436652,364920,0.1642772734351383,N,0.0
Small Parcel,26,3-4 Weeks,551,491,270541,226909,0.16127684898037636,Y,0.06
Small Parcel,3,72 Hours,2490,269,669810,587464,0.12293934100715129,N,0.0
Small Parcel,8,1-2 Weeks,75,722,54150,48733,0.10003693444136658,N,0.0
Large Parcel,2,48 Hours,265,269,71285,62697,0.12047415304762572,N,0.0
Large Parcel,20,2-3 Weeks,1202,3940,4735880,3761476,0.20574930108026385,Y,0.01
Small Parcel,1,24 Hours,232,1447,335704,298071,0.1121017324786121,N,0.0
Large Parcel,4,Less Than 1 Week,898,539,484022,440020,0.09090909090909091,N,0.0
Small Parcel,3,72 Hours,1820,266,484120,370868,0.23393373543749485,N,0.0
Large Parcel,1,24 Hours,187,799,149413,112497,0.24707354781712434,Y,0.13
Small Parcel,2,48 Hours,309,493,152337,114402,0.24902026428247898,N,0.0
Small Parcel,1,24 Hours,449,971,435979,389210,0.10727351546748812,Y,0.02
Large Parcel,22,3-4 Weeks,1152,978,1126656,913095,0.18955297801635992,Y,0.02
Large Parcel,17,2-3 Weeks,1624,78,126672,95469,0.2463291019325502,N,0.0
Small Parcel,17,2-3 Weeks,1724,501,863724,659370,0.23659641274295956,N,0.0
Small Parcel,22,3-4 Weeks,1885,6623,12484355,9415889,0.24578490438632994,Y,0.06
Large Parcel,2,48 Hours,782,1131,884442,822246,0.07032230491089297,Y,0.09
Small Parcel,1,24 Hours,259,423,109557,86467,0.21075787033233842,Y,0.06
Large Parcel,2,48 Hours,470,1000,470000,444028,0.055259574468085104,N,0.0
Small Parcel,7,1-2 Weeks,955,600,573000,478784,0.1644258289703316,Y,0.04
Small Parcel,26,3-4 Weeks,1215,671,815265,735977,0.09725426701747285,N,0.0
Small Parcel,9,1-2 Weeks,420,187,78540,73387,0.06560988031576268,Y,0.01
Large Parcel,2,48 Hours,809,1158,936822,809761,0.13562982081975017,Y,0.07
Large Parcel,13,1-2 Weeks,899,478,429722,371160,0.13627880350552218,Y,0.02
Small Parcel,6,Less Than 1 Week,205,1402,287410,254672,0.11390696217946487,Y,0.08
Large Parcel,2,48 Hours,1535,292,448220,338564,0.24464771763865958,N,0.0
Small Parcel,26,3-4 Weeks,168,61,10248,9613,0.061963309914129586,N,0.0
Small Parcel,11,1-2 Weeks,187,207,38709,35858,0.07365212224547263,N,0.0
Small Parcel,1,24 Hours,3599,1276,4592324,3914960,0.14749917470979834,N,0.0
Large Parcel,22,3-4 Weeks,221,50,11050,9484,0.14171945701357466,Y,0.03
Large Parcel,2,48 Hours,1785,1478,2638230,2184854,0.1718485499747937,N,0.0
Small Parcel,17,2-3 Weeks,161,751,120911,100353,0.17002588680930603,N,0.0
Large Parcel,5,Less Than 1 Week,101,153,15453,12804,0.1714230246554067,Y,0.26
Small Parcel,4,Less Than 1 Week,101,647,65347,61947,0.052029932514116944,Y,0.06
Small Parcel,1,24 Hours,536,2827,1515272,1430249,0.05611071807569862,Y,0.02
Large Parcel,4,Less Than 1 Week,2965,274,812410,763127,0.06066271956278234,Y,0.01
Large Parcel,17,2-3 Weeks,235,522,122670,104564,0.14759925002037988,Y,0.06
Small Parcel,6,Less Than 1 Week,417,2698,1125066,968725,0.13896162536242318,Y,0.02
Small Parcel,26,3-4 Weeks,1383,446,616818,471588,0.23545032732507806,Y,0.02
Large Parcel,5,Less Than 1 Week,1096,1259,1379864,1227362,0.11051958743760254,N,0.0
Large Parcel,2,48 Hours,177,769,136113,114153,0.1613365365541866,Y,0.41
Small Parcel,4,Less Than 1 Week,75,1153,86475,67318,0.22153223474992773,Y,0.07
Small Parcel,1,24 Hours,534,309,165006,144680,0.12318339939153727,N,0.0
Large Parcel,14,2-3 Weeks,3483,475,1654425,1510947,0.08672378620971032,Y,0.03
Small Parcel,1,24 Hours,145,2511,364095,335888,0.07747153902140924,N,0.0
Small Parcel,1,24 Hours,99,2776,274824,233319,0.1510239280412191,N,0.0
Small Parcel,15,2-3 Weeks,1609,1358,2185022,2020632,0.07523494042622912,N,0.0
Small Parcel,3,72 Hours,177,411,72747,62771,0.13713280272726022,Y,0.13
Large Parcel,3,72 Hours,2749,50,137450,111621,0.18791560567479082,Y,0.22
Small Parcel,20,2-3 Weeks,1149,906,1040994,962601,0.07530590954414723,Y,0.05
Large Parcel,18,2-3 Weeks,1556,1254,1951224,1666328,0.1460088641796124,N,0.0
Large Parcel,2,48 Hours,169,1851,312819,251400,0.19634037574444008,Y,0.05
Small Parcel,1,24 Hours,770,483,371910,285947,0.23113925412062059,N,0.0
Large Parcel,3,72 Hours,791,469,370979,321093,0.13447122343852347,N,0.0
Large Parcel,19,2-3 Weeks,346,776,268496,202215,0.24686028842142899,Y,0.05
Large Parcel,3,72 Hours,2942,614,1806388,1663162,0.07928861352046183,Y,0.2
Large Parcel,26,3-4 Weeks,187,1116,208692,164814,0.21025242941751482,N,0.0
Large Parcel,2,48 Hours,75,1904,142800,123891,0.13241596638655462,Y,0.07
Large Parcel,2,48 Hours,621,1572,976212,886065,0.0923436712517363,Y,0.03
Small Parcel,9,1-2 Weeks,738,1045,771210,618629,0.19784624162031095,Y,0.2
Small Parcel,26,3-4 Weeks,1031,719,741289,689596,0.0697339364269536,Y,0.07
Large Parcel,3,72 Hours,1166,1131,1318746,1103182,0.16346134888750374,N,0.0
Large Parcel,15,2-3 Weeks,2509,50,125450,112366,0.10429653248306098,N,0.0
Small Parcel,12,1-2 Weeks,377,1212,456924,350621,0.232649193301293,Y,0.03
Small Parcel,2,48 Hours,571,104,59384,55161,0.0711134312272666,N,0.0
Small Parcel,4,Less Than 1 Week,298,371,110558,99156,0.10313138804971146,N,0.0
Small Parcel,24,3-4 Weeks,2460,864,2125440,1863067,0.12344408687142427,Y,0.11
Large Parcel,4,Less Than 1 Week,805,1020,821100,710559,0.13462550237486298,Y,0.02
Small Parcel,1,24 Hours,746,338,252148,203065,0.19465948569887526,N,0.0
Large Parcel,1,24 Hours,2200,1245,2739000,2431159,0.11239174881343555,N,0.0
Small Parcel,17,2-3 Weeks,602,50,30100,23403,0.22249169435215946,N,0.0
Small Parcel,1,24 Hours,1125,272,306000,266860,0.12790849673202614,N,0.0
Large Parcel,22,3-4 Weeks,579,1173,679167,577211,0.15011919012555086,Y,0.01
Large Parcel,1,24 Hours,270,374,100980,77837,0.22918399683105564,N,0.0
Large Parcel,2,48 Hours,5368,273,1465464,1139565,0.22238622033704,Y,0.08
Small Parcel,5,Less Than 1 Week,75,289,21675,19624,0.09462514417531719,N,0.0
Large Parcel,2,48 Hours,1847,792,1462824,1281572,0.1239055416099271,Y,0.03
Small Parcel,2,48 Hours,680,149,101320,86473,0.14653572838531387,Y,0.04
Large Parcel,1,24 Hours,1204,3936,4738944,3772866,0.20385934081516896,Y,0.03
Small Parcel,3,72 Hours,75,384,28800,24274,0.15715277777777778,Y,0.13
Small Parcel,20,2-3 Weeks,1449,50,72450,65277,0.09900621118012422,N,0.0
Large Parcel,4,Less Than 1 Week,1361,902,1227622,972653,0.2076934105123564,N,0.0
Small Parcel,11,1-2 Weeks,2415,1439,3475185,3232702,0.06977556590512447,Y,0.04
Small Parcel,8,1-2 Weeks,75,428,32100,28803,0.10271028037383177,N,0.0
Small Parcel,1,24 Hours,223,857,191111,181184,0.05194363485095049,N,0.0
Large Parcel,1,24 Hours,1424,2823,4019952,3293019,0.1808312636568795,N,0.0
Small Parcel,18,2-3 Weeks,6049,95,574655,438635,0.23669854086364864,Y,0.02
Large Parcel,12,1-2 Weeks,751,926,695426,637514,0.08327557497131255,Y,0.43
Large Parcel,3,72 Hours,772,407,314204,292655,0.06858283153619942,N,0.0
Large Parcel,1,24 Hours,178,1109,197402,170257,0.1375112714156898,Y,0.01
Small Parcel,7,1-2 Weeks,265,2262,599430,546950,0.08754983901372972,Y,0.05
Large Parcel,24,3-4 Weeks,2666,457,1218362,1046982,0.14066426891186692,Y,0.14
Large Parcel,23,3-4 Weeks,1911,1584,3027024,2336731,0.22804345125773698,Y,0.11
Large Parcel,3,72 Hours,900,769,692100,596363,0.13832827626065597,N,0.0
Small Parcel,4,Less Than 1 Week,166,5540,919640,839533,0.08710691140011309,Y,0.11
Small Parcel,1,24 Hours,750,686,514500,388688,0.24453255587949466,N,0.0
Large Parcel,16,2-3 Weeks,1319,522,688518,600499,0.12783834264318433,Y,0.03
Large Parcel,2,48 Hours,2487,475,1181325,1072710,0.09194336867500476,Y,0.07
Large Parcel,1,24 Hours,104,265,27560,25018,0.09223512336719884,N,0.0
Large Parcel,6,Less Than 1 Week,1663,2164,3598732,2886802,0.1978280127556039,Y,0.12
Small Parcel,2,48 Hours,227,471,106917,89494,0.16295818251540914,Y,0.03
Large Parcel,2,48 Hours,918,366,335988,253963,0.24413074276462254,Y,0.18
Large Parcel,5,Less Than 1 Week,558,1933,1078614,811294,0.2478365754570217,Y,0.02
Large Parcel,2,48 Hours,506,2791,1412246,1198958,0.15102751220396446,N,0.0
Large Parcel,4,Less Than 1 Week,140,714,99960,83923,0.1604341736694678,N,0.0
Small Parcel,13,1-2 Weeks,1008,1173,1182384,903191,0.23612718034073532,N,0.0
Small Parcel,2,48 Hours,1056,220,232320,178559,0.23140926308539944,N,0.0
Large Parcel,1,24 Hours,491,2308,1133228,1035905,0.08588121719548052,Y,0.14
Large Parcel,24,3-4 Weeks,1948,1079,2101892,1886533,0.10245959354714705,Y,0.02
Small Parcel,2,48 Hours,707,872,616504,484707,0.21378125689371033,Y,0.04
Large Parcel,8,1-2 Weeks,486,1080,524880,442178,0.1575636335924402,Y,0.03
Large Parcel,1,24 Hours,340,299,101660,89874,0.11593547117843793,Y,0.01
Large Parcel,10,1-2 Weeks,396,915,362340,305393,0.1571645415907711,Y,0.16
Small Parcel,18,2-3 Weeks,2622,643,1685946,1311605,0.22203617434959363,Y,0.02
Small Parcel,8,1-2 Weeks,771,1722,1327662,1240473,0.06567108194706182,Y,0.07
Large Parcel,12,1-2 Weeks,340,1567,532780,427585,0.19744547467998047,Y,0.04
Small Parcel,3,72 Hours,560,445,249200,228527,0.08295746388443018,Y,0.14
Small Parcel,2,48 Hours,75,630,47250,40726,0.13807407407407407,N,0.0
Large Parcel,23,3-4 Weeks,2158,379,817882,638112,0.2197994331700661,N,0.0
Small Parcel,3,72 Hours,218,540,117720,100395,0.14717125382262997,Y,0.03
Large Parcel,4,Less Than 1 Week,1182,87,102834,81470,0.20775229982301574,Y,0.02
Small Parcel,5,Less Than 1 Week,974,157,152918,120772,0.2102172406126159,Y,0.04
Small Parcel,18,2-3 Weeks,2000,1808,3616000,2781827,0.23068943584070797,Y,0.04
Small Parcel,3,72 Hours,844,3729,3147276,2530612,0.19593578701073563,Y,0.2
Large Parcel,2,48 Hours,198,1156,228888,199804,0.12706651287966167,N,0.0
Large Parcel,4,Less Than 1 Week,1734,1085,1881390,1736005,0.07727531240200065,Y,0.06
Small Parcel,13,1-2 Weeks,153,873,133569,106101,0.2056465197762954,Y,0.02
Large Parcel,15,2-3 Weeks,725,1207,875075,674466,0.22924777876182043,N,0.0
Small Parcel,18,2-3 Weeks,473,371,175483,149000,0.15091490343793987,N,0.0
Large Parcel,2,48 Hours,1022,1012,1034264,805136,0.22153724774332278,N,0.0
Small Parcel,1,24 Hours,1389,2112,2933568,2379423,0.18889795634531056,N,0.0
Small Parcel,2,48 Hours,850,105,89250,72931,0.18284593837535015,Y,0.09
Large Parcel,27,3-4 Weeks,526,2396,1260296,1104515,0.12360667652678418,Y,0.01
Large Parcel,14,2-3 Weeks,1127,746,840742,665295,0.2086811411824317,N,0.0
Large Parcel,19,2-3 Weeks,591,199,117609,97142,0.17402579734544124,Y,0.18
Large Parcel,15,2-3 Weeks,649,1119,726231,598807,0.17545932354856789,Y,0.08
Large Parcel,3,72 Hours,1502,959,1440418,1281874,0.11006804969113132,Y,0.06
Large Parcel,3,72 Hours,1330,50,66500,62048,0.06694736842105263,Y,0.04
Large Parcel,3,72 Hours,1555,445,691975,598342,0.13531269193251202,Y,0.07
Large Parcel,22,3-4 Weeks,891,716,637956,525949,0.175571669519528,N,0.0
Large Parcel,20,2-3 Weeks,1506,3928,5915568,5154521,0.12865155129651118,N,0.0
Large Parcel,12,1-2 Weeks,1176,172,202272,165652,0.18104334757158677,Y,0.02
Large Parcel,1,24 Hours,2103,588,1236564,1099952,0.11047709621176098,Y,0.02
Small Parcel,3,72 Hours,324,3109,1007316,851820,0.15436665356253648,N,0.0
Large Parcel,18,2-3 Weeks,567,1751,992817,774629,0.21976658336833474,Y,0.02
Large Parcel,5,Less Than 1 Week,75,50,3750,3261,0.1304,Y,0.01
Large Parcel,6,Less Than 1 Week,625,50,31250,27495,0.12016,N,0.0
Small Parcel,25,3-4 Weeks,416,1168,485888,460829,0.05157361367228662,N,0.0
Large Parcel,1,24 Hours,1028,599,615772,547226,0.1113171758378101,N,0.0
Large Parcel,13,1-2 Weeks,75,640,48000,42015,0.1246875,N,0.0
Large Parcel,1,24 Hours,3407,50,170350,142447,0.16379806281185794,N,0.0
Large Parcel,12,1-2 Weeks,2642,1954,5162468,4593687,0.11017617930028815,N,0.0
Small Parcel,4,Less Than 1 Week,2000,192,384000,338225,0.11920572916666666,Y,0.02
Large Parcel,4,Less Than 1 Week,2446,90,220140,197875,0.10114018351957844,Y,0.1
Large Parcel,1,24 Hours,942,5486,5167812,4506644,0.1279396386710662,Y,0.0
Small Parcel,3,72 Hours,1859,589,1094951,1035715,0.05409922453150871,Y,0.04
Small Parcel,5,Less Than 1 Week,1339,589,788671,604649,0.2333317695211311,Y,0.06
Large Parcel,22,3-4 Weeks,357,1563,557991,498667,0.10631712697875055,N,0.0
Large Parcel,1,24 Hours,326,55,17930,13493,0.2474623535973229,N,0.0
Large Parcel,23,3-4 Weeks,75,1552,116400,100784,0.13415807560137458,N,0.0
Small Parcel,6,Less Than 1 Week,75,647,48525,37183,0.23373518804739823,Y,0.17
Small Parcel,2,48 Hours,1274,50,63700,57606,0.09566718995290424,Y,0.02
Large Parcel,19,2-3 Weeks,861,282,242802,212948,0.12295615357369379,N,0.0
Small Parcel,5,Less Than 1 Week,1603,311,498533,408250,0.18109733959436988,N,0.0
Large Parcel,15,2-3 Weeks,584,1246,727664,568229,0.21910524637744894,N,0.0
Small Parcel,27,3-4 Weeks,2343,702,1644786,1557912,0.052817813381193665,Y,0.06
Small Parcel,26,3-4 Weeks,1265,3166,4004990,3276764,0.18182966748980647,Y,0.08
Large Parcel,1,24 Hours,1656,375,621000,575947,0.07254911433172302,N,0.0
Large Parcel,3,72 Hours,3004,132,396528,308141,0.22290229189363678,Y,0.01
Small Parcel,14,2-3 Weeks,502,838,420676,323247,0.23160104213218724,N,0.0
Small Parcel,3,72 Hours,614,1086,666804,538932,0.19176849568988788,Y,0.04
Large Parcel,8,1-2 Weeks,458,2195,1005310,787630,0.21653022450786324,N,0.0
Small Parcel,26,3-4 Weeks,2193,1490,3267570,2866011,0.12289224102314564,Y,0.16
Large Parcel,20,2-3 Weeks,1876,1008,1891008,1523580,0.19430272108843538,N,0.0
Small Parcel,24,3-4 Weeks,1477,1758,2596566,2081350,0.19842206976445043,N,0.0
Small Parcel,1,24 Hours,3166,1706,5401196,5033907,0.06800142042614266,Y,0.21
Large Parcel,24,3-4 Weeks,132,1714,226248,184726,0.18352427424772816,Y,0.1
Small Parcel,1,24 Hours,2641,559,1476319,1123165,0.2392125279157147,N,0.0
Small Parcel,22,3-4 Weeks,166,95,15770,12474,0.20900443880786304,Y,0.1
Large Parcel,3,72 Hours,351,1418,497718,407714,0.18083332328748408,N,0.0
Large Parcel,3,72 Hours,144,71,10224,9542,0.0667057902973396,Y,0.01
Large Parcel,4,Less Than 1 Week,3995,373,1490135,1337971,0.10211423797172739,N,0.0
Small Parcel,5,Less Than 1 Week,430,50,21500,19076,0.11274418604651162,N,0.0
Large Parcel,10,1-2 Weeks,1401,102,142902,120153,0.15919301339379435,N,0.0
Large Parcel,2,48 Hours,850,334,283900,222032,0.2179218034519197,N,0.0
Small Parcel,4,Less Than 1 Week,75,417,31275,24646,0.21195843325339728,Y,0.02
Small Parcel,27,3-4 Weeks,453,1523,689919,615208,0.10828952384265399,Y,0.08
Small Parcel,22,3-4 Weeks,2744,466,1278704,1165518,0.08851618513745167,Y,0.03
Small Parcel,22,3-4 Weeks,75,2342,175650,133086,0.24232280102476517,N,0.0
Large Parcel,5,Less Than 1 Week,704,566,398464,335732,0.15743454866688084,Y,0.04
Large Parcel,27,3-4 Weeks,2051,335,687085,639716,0.0689419795221843,N,0.0
Large Parcel,3,72 Hours,1547,2099,3247153,2902447,0.1061563776021641,N,0.0
Large Parcel,15,2-3 Weeks,1900,991,1882900,1586411,0.15746401826969036,Y,0.02
Small Parcel,5,Less Than 1 Week,689,4245,2924805,2461863,0.15828132131885717,N,0.0
Small Parcel,13,1-2 Weeks,3381,2751,9301131,8121134,0.12686596931061395,Y,0.08
Small Parcel,20,2-3 Weeks,750,637,477750,416085,0.12907378335949765,N,0.0
Large Parcel,22,3-4 Weeks,381,1714,653034,500432,0.23368155409978653,Y,0.04
Large Parcel,6,Less Than 1 Week,897,1090,977730,745040,0.2379900381495914,N,0.0
Small Parcel,1,24 Hours,213,190,40470,38222,0.05554731900172968,N,0.0
Large Parcel,1,24 Hours,92,339,31188,24345,0.2194113120430935,N,0.0
Small Parcel,4,Less Than 1 Week,1839,50,91950,86667,0.057455138662316475,Y,0.19
Small Parcel,20,2-3 Weeks,260,2592,673920,584743,0.13232579534662867,Y,0.07
Large Parcel,3,72 Hours,720,446,321120,251185,0.2177846287992028,N,0.0
Large Parcel,25,3-4 Weeks,3200,983,3145600,2734421,0.1307156027466938,N,0.0
Large Parcel,2,48 Hours,1055,253,266915,235830,0.11646029634902497,Y,0.02
Large Parcel,24,3-4 Weeks,921,50,46050,41766,0.09302931596091205,N,0.0
Large Parcel,2,48 Hours,832,611,508352,432833,0.14855651202316505,Y,0.01
Small Parcel,2,48 Hours,259,944,244496,198183,0.18942232183757607,N,0.0
Small Parcel,14,2-3 Weeks,490,2332,1142680,892846,0.2186386389890433,Y,0.07
Large Parcel,1,24 Hours,396,207,81972,76773,0.06342409603279169,N,0.0
Small Parcel,11,1-2 Weeks,1392,534,743328,694960,0.06506952516251238,Y,0.01
Large Parcel,3,72 Hours,75,1541,115575,92662,0.19825221717499458,Y,0.04
Large Parcel,2,48 Hours,1508,304,458432,366631,0.20024998254921123,N,0.0
Small Parcel,3,72 Hours,3134,925,2898950,2483651,0.14325842115248624,Y,0.02
Large Parcel,5,Less Than 1 Week,75,1647,123525,109581,0.11288403157255616,Y,0.07
Large Parcel,1,24 Hours,709,50,35450,27460,0.22538787023977433,Y,0.27
Small Parcel,1,24 Hours,335,1232,412720,329348,0.20200620275247141,Y,0.01
Large Parcel,4,Less Than 1 Week,487,509,247883,217729,0.12164609916775253,N,0.0
Small Parcel,22,3-4 Weeks,200,478,95600,80662,0.156255230125523,N,0.0
Small Parcel,2,48 Hours,996,506,503976,402298,0.20175167071447847,N,0.0
Large Parcel,12,1-2 Weeks,250,3060,765000,692150,0.09522875816993465,N,0.0
Small Parcel,23,3-4 Weeks,1716,517,887172,714393,0.19475253953010238,Y,0.14
Small Parcel,23,3-4 Weeks,1089,219,238491,225364,0.05504190933829788,Y,0.04
Small Parcel,1,24 Hours,2087,1010,2107870,1923136,0.08764012960951102,N,0.0
Small Parcel,2,48 Hours,88,77,6776,6111,0.0981404958677686,N,0.0
Large Parcel,15,2-3 Weeks,940,1458,1370520,1256391,0.08327423167848699,N,0.0
Large Parcel,27,3-4 Weeks,165,431,71115,59094,0.16903606834001267,N,0.0
Small Parcel,24,3-4 Weeks,712,1285,914920,827984,0.09502032964630787,N,0.0
Large Parcel,3,72 Hours,939,361,338979,315667,0.06877122181610071,N,0.0
Small Parcel,3,72 Hours,261,1814,473454,424411,0.10358556480671828,Y,0.04
Large Parcel,12,1-2 Weeks,75,244,18300,16736,0.08546448087431693,N,0.0
Small Parcel,1,24 Hours,1252,70,87640,69269,0.2096188954815153,N,0.0
Small Parcel,1,24 Hours,630,487,306810,242944,0.2081614028225938,Y,0.04
Small Parcel,3,72 Hours,364,2988,1087632,823414,0.24292959383320828,N,0.0
Large Parcel,20,2-3 Weeks,413,397,163961,151035,0.07883582071346235,Y,0.1
Small Parcel,21,3-4 Weeks,75,50,3750,3039,0.1896,N,0.0
Large Parcel,2,48 Hours,318,4440,1411920,1332176,0.05647912063006403,Y,0.04
Large Parcel,22,3-4 Weeks,1165,3951,4602915,3819879,0.1701174147252339,Y,0.06
Small Parcel,8,1-2 Weeks,75,392,29400,27091,0.07853741496598639,N,0.0
Large Parcel,16,2-3 Weeks,538,318,171084,161794,0.054300811297374386,Y,0.09
Small Parcel,2,48 Hours,546,639,348894,322557,0.07548711069837831,Y,0.05
Small Parcel,5,Less Than 1 Week,350,795,278250,242425,0.12875112309074574,Y,0.03
Large Parcel,24,3-4 Weeks,1122,406,455532,376219,0.17411071011476692,N,0.0
Large Parcel,8,1-2 Weeks,960,350,336000,281463,0.1623125,Y,0.01
Large Parcel,5,Less Than 1 Week,1824,963,1756512,1575408,0.10310433404383232,N,0.0
Small Parcel,21,3-4 Weeks,581,345,200445,169853,0.1526204195664646,N,0.0
Small Parcel,10,1-2 Weeks,3550,308,1093400,1016433,0.0703923541247485,N,0.0
Large Parcel,2,48 Hours,1488,145,215760,171692,0.2042454579162032,N,0.0
Small Parcel,7,1-2 Weeks,765,3539,2707335,2453321,0.09382436972151581,Y,0.02
Large Parcel,4,Less Than 1 Week,1204,339,408156,386852,0.052195729083977696,N,0.0
Small Parcel,7,1-2 Weeks,1801,401,722201,679567,0.05903342698223902,Y,0.03
Small Parcel,1,24 Hours,1184,1050,1243200,1152809,0.07270833333333333,N,0.0
Small Parcel,3,72 Hours,78,566,44148,40878,0.07406904050013591,N,0.0
Small Parcel,4,Less Than 1 Week,319,74,23606,18381,0.2213420316868593,N,0.0
Small Parcel,2,48 Hours,498,2403,1196694,1069967,0.10589758116945518,N,0.0
Small Parcel,26,3-4 Weeks,220,986,216920,182087,0.16057993730407524,N,0.0
Small Parcel,18,2-3 Weeks,1127,2596,2925692,2542984,0.13080939483718723,Y,0.02
Small Parcel,5,Less Than 1 Week,201,70,14070,12175,0.13468372423596303,N,0.0
Large Parcel,1,24 Hours,918,314,288252,262363,0.08981377405880965,Y,0.08
Large Parcel,5,Less Than 1 Week,879,3275,2878725,2501221,0.13113583270371432,N,0.0
Large Parcel,4,Less Than 1 Week,75,333,24975,20806,0.16692692692692693,N,0.0
Large Parcel,7,1-2 Weeks,277,1229,340433,303404,0.1087703013515141,N,0.0
Large Parcel,12,1-2 Weeks,139,63,8757,7233,0.17403220280918122,Y,0.05
Small Parcel,1,24 Hours,745,728,542360,454338,0.16229441699240357,Y,0.04
Small Parcel,4,Less Than 1 Week,1131,684,773604,610082,0.2113768801609092,N,0.0
Small Parcel,3,72 Hours,687,1313,902031,761134,0.15619973149481559,N,0.0
Small Parcel,8,1-2 Weeks,2518,50,125900,105678,0.1606195393169182,N,0.0
Small Parcel,24,3-4 Weeks,1499,1662,2491338,2174765,0.12706947030069785,N,0.0
Small Parcel,7,1-2 Weeks,1276,458,584408,520554,0.10926270687601812,N,0.0
Large Parcel,2,48 Hours,1056,2371,2503776,2348022,0.06220764157816035,Y,0.04
Large Parcel,4,Less Than 1 Week,619,591,365829,298821,0.1831675454925662,N,0.0
Large Parcel,9,1-2 Weeks,684,549,375516,333217,0.11264233747696503,Y,0.07
Small Parcel,8,1-2 Weeks,240,512,122880,99156,0.19306640625,N,0.0
Small Parcel,1,24 Hours,864,414,357696,277074,0.2253925120772947,Y,0.2
Small Parcel,22,3-4 Weeks,753,1292,972876,743486,0.2357854443937357,N,0.0
Large Parcel,6,Less Than 1 Week,1014,1185,1201590,982848,0.18204379197563228,Y,0.04
Large Parcel,11,1-2 Weeks,938,213,199794,168420,0.15703174269497583,N,0.0
Small Parcel,1,24 Hours,493,868,427924,398377,0.06904730746581168,Y,0.03
Large Parcel,1,24 Hours,2985,63,188055,173541,0.07717954853633245,Y,0.0
Large Parcel,22,3-4 Weeks,75,2195,164625,144663,0.12125740318906605,N,0.0
Small Parcel,4,Less Than 1 Week,835,731,610385,556153,0.08884884130507795,N,0.0
Small Parcel,2,48 Hours,470,587,275890,243145,0.11868860777846243,Y,0.04
Large Parcel,3,72 Hours,257,1711,439727,411331,0.06457643037611972,Y,0.05
Large Parcel,1,24 Hours,572,568,324896,300574,0.07486087855806166,N,0.0
Small Parcel,24,3-4 Weeks,1424,110,156640,117907,0.24727400408580183,Y,0.07
Small Parcel,23,3-4 Weeks,115,50,5750,5047,0.1222608695652174,N,0.0
Large Parcel,23,3-4 Weeks,537,456,244872,213843,0.12671518180927177,Y,0.05
Small Parcel,1,24 Hours,637,1410,898170,814164,0.09353017802865828,N,0.0
Large Parcel,2,48 Hours,2270,520,1180400,1019700,0.13614029142663503,Y,0.03
Small Parcel,12,1-2 Weeks,864,123,106272,88312,0.16900030111412226,Y,0.05
Large Parcel,1,24 Hours,4607,1459,6721613,5072394,0.24536060020117195,Y,0.07
Small Parcel,3,72 Hours,370,1507,557590,476860,0.14478380171810828,N,0.0
Small Parcel,17,2-3 Weeks,927,487,451449,373643,0.17234726403203907,N,0.0
Small Parcel,4,Less Than 1 Week,75,2606,195450,159310,0.18490662573548222,N,0.0
Small Parcel,1,24 Hours,5910,80,472800,434790,0.08039340101522843,N,0.0
Small Parcel,1,24 Hours,1156,556,642736,548804,0.1461439844664061,Y,0.02
Small Parcel,2,48 Hours,506,893,451858,408971,0.09491256102580899,N,0.0
Large Parcel,3,72 Hours,472,91,42952,33595,0.21784783013596573,Y,0.08
Small Parcel,5,Less Than 1 Week,1746,539,941094,882758,0.061987431648698216,N,0.0
Large Parcel,20,2-3 Weeks,914,1926,1760364,1600008,0.09109252404616318,Y,0.01
Large Parcel,11,1-2 Weeks,416,2610,1085760,1009777,0.06998139552018863,N,0.0
Large Parcel,3,72 Hours,1160,615,713400,627306,0.12068124474348192,N,0.0
Large Parcel,1,24 Hours,1422,570,810540,741676,0.08496064352160289,Y,0.05
Small Parcel,3,72 Hours,470,118,55460,50714,0.0855751893256401,N,0.0
Large Parcel,2,48 Hours,75,630,47250,44808,0.051682539682539684,N,0.0
Large Parcel,14,2-3 Weeks,2210,1331,2941510,2745651,0.06658450931664349,N,0.0
Small Parcel,3,72 Hours,1788,340,607920,475854,0.21724240031583103,Y,0.33
Large Parcel,3,72 Hours,1917,1866,3577122,2847296,0.20402602986423163,Y,0.03
Small Parcel,2,48 Hours,270,965,260550,222165,0.14732297063903282,N,0.0
Small Parcel,18,2-3 Weeks,458,581,266098,229460,0.1376861156416057,N,0.0
Large Parcel,1,24 Hours,1332,662,881784,697320,0.20919408834816688,N,0.0
Large Parcel,24,3-4 Weeks,75,524,39300,31269,0.20435114503816793,Y,0.03
Small Parcel,20,2-3 Weeks,1216,634,770944,626830,0.1869318653494936,Y,0.02
Large Parcel,4,Less Than 1 Week,2295,50,114750,90465,0.21163398692810456,Y,0.04
Small Parcel,24,3-4 Weeks,822,420,345240,318929,0.07621075194067894,Y,0.35
Small Parcel,20,2-3 Weeks,137,74,10138,8900,0.12211481554547247,Y,0.06
Small Parcel,1,24 Hours,274,311,85214,76572,0.10141526040322013,N,0.0
Small Parcel,2,48 Hours,2466,1300,3205800,2442661,0.23804947283049474,Y,0.03
Small Parcel,11,1-2 Weeks,3138,1498,4700724,4260350,0.09368216470484121,Y,0.01
Large Parcel,24,3-4 Weeks,544,1061,577184,443186,0.2321582025835782,N,0.0
Large Parcel,4,Less Than 1 Week,469,108,50652,45746,0.09685698491668641,Y,0.04
Small Parcel,5,Less Than 1 Week,133,425,56525,44373,0.214984520123839,Y,0.03
Large Parcel,20,2-3 Weeks,1074,1845,1981530,1853609,0.06455668094855996,Y,0.02
Large Parcel,8,1-2 Weeks,381,412,156972,126538,0.19388171138801824,Y,0.03
Large Parcel,3,72 Hours,293,222,65046,49370,0.24099867785874612,Y,0.03
Small Parcel,3,72 Hours,478,388,185464,148931,0.19698162446620368,N,0.0
Large Parcel,7,1-2 Weeks,2289,2248,5145672,4110285,0.20121511825860647,N,0.0
Large Parcel,2,48 Hours,425,1593,677025,559066,0.17423137993427126,N,0.0
Large Parcel,5,Less Than 1 Week,2109,1983,4182147,3919688,0.06275700017239949,N,0.0
Small Parcel,17,2-3 Weeks,248,1254,310992,235860,0.2415882080567989,Y,0.0
Large Parcel,1,24 Hours,100,80,8000,7508,0.0615,Y,0.06
Small Parcel,16,2-3 Weeks,135,676,91260,75110,0.17696690773613852,Y,0.04
Large Parcel,2,48 Hours,669,108,72252,56051,0.22422908708409456,N,0.0
Large Parcel,1,24 Hours,302,495,149490,128123,0.14293263763462438,N,0.0
Large Parcel,1,24 Hours,75,50,3750,3109,0.17093333333333333,N,0.0
Small Parcel,6,Less Than 1 Week,2400,871,2090400,1681525,0.19559653654802908,N,0.0
Large Parcel,6,Less Than 1 Week,552,747,412344,384047,0.06862474050792543,Y,0.01
Small Parcel,7,1-2 Weeks,3846,145,557670,524777,0.05898291104057955,Y,0.03
Large Parcel,18,2-3 Weeks,158,1151,181858,161260,0.11326419514126407,Y,0.0
Large Parcel,6,Less Than 1 Week,415,50,20750,19110,0.07903614457831325,N,0.0
Small Parcel,3,72 Hours,230,1799,413770,337875,0.18342315779297677,Y,0.04
Large Parcel,7,1-2 Weeks,1362,2011,2738982,2467046,0.09928360244791679,N,0.0
Small Parcel,2,48 Hours,143,341,48763,43878,0.10017841396140516,N,0.0
Large Parcel,8,1-2 Weeks,2738,1558,4265804,3487645,0.18241789824380117,N,0.0
Large Parcel,2,48 Hours,735,182,133770,117566,0.12113328848022725,Y,0.01
Large Parcel,7,1-2 Weeks,1163,201,233763,210976,0.0974790706827,N,0.0
Small Parcel,2,48 Hours,91,3587,326417,245514,0.24785167439195877,Y,0.13
Large Parcel,26,3-4 Weeks,177,195,34515,27985,0.18919310444734175,Y,0.04
Large Parcel,17,2-3 Weeks,2778,660,1833480,1698320,0.0737177389445208,Y,0.13
Large Parcel,1,24 Hours,781,1149,897369,848412,0.05455615248576672,Y,0.03
Large Parcel,27,3-4 Weeks,1477,1105,1632085,1503792,0.07860681275791395,N,0.0
Large Parcel,2,48 Hours,6392,680,4346560,3599345,0.17190951004932636,Y,0.03
Large Parcel,2,48 Hours,1232,5724,7051968,5461828,0.2254888280831677,Y,0.01
Large Parcel,10,1-2 Weeks,1663,1381,2296603,2053502,0.10585242638801744,Y,0.04
Small Parcel,14,2-3 Weeks,559,220,122980,110645,0.1003008619287689,Y,0.02
Small Parcel,26,3-4 Weeks,183,2620,479460,421365,0.12116756350894757,Y,0.02
Small Parcel,6,Less Than 1 Week,884,840,742560,646137,0.1298521331609567,N,0.0
Large Parcel,9,1-2 Weeks,356,1088,387328,302208,0.21976206212822208,N,0.0
Small Parcel,27,3-4 Weeks,2365,932,2204180,2092728,0.05056392853578202,N,0.0
Small Parcel,9,1-2 Weeks,75,136,10200,9273,0.09088235294117647,N,0.0
Large Parcel,5,Less Than 1 Week,1839,166,305274,250240,0.18027739014786717,Y,0.13
Large Parcel,6,Less Than 1 Week,574,1036,594664,550640,0.07403172211534581,N,0.0
Large Parcel,1,24 Hours,2356,232,546592,430462,0.21246194602189566,Y,0.03
Large Parcel,27,3-4 Weeks,165,50,8250,7776,0.05745454545454545,Y,0.18
Large Parcel,27,3-4 Weeks,96,484,46464,37163,0.20017648071625344,N,0.0
Large Parcel,10,1-2 Weeks,411,210,86310,81601,0.054559147259877185,N,0.0
Small Parcel,2,48 Hours,681,517,352077,310833,0.11714482911408584,Y,0.01
Small Parcel,24,3-4 Weeks,2932,1826,5353832,4297819,0.1972443289217891,N,0.0
Large Parcel,19,2-3 Weeks,149,3035,452215,422103,0.0665877956281857,N,0.0
Small Parcel,23,3-4 Weeks,773,50,38650,29522,0.23617076326002587,Y,0.2
