Main Ship Speed,Lead Times,Average Unit Price,# Units Sold,Gross Revenue,Total Costs,Gross Margin,Branded,Brand Awareness,Source
Large Parcel,1-2 Weeks,2500,400,1000000,600000,0.4,Y,0.9,Current
Small Parcel,72 Hours,291,2750,800000,565000,0.29,N,0.0,Current
Large Parcel,2-3 Weeks,3333,150,500000,450000,0.1,Y,0.87,Current
Small Parcel,24 Hours,179,7000,1250000,1000000,0.2,N,0.0,Current
Small Parcel,2-3 Weeks,180,2750,495000,425000,0.14,N,0.0,Current
Large Parcel,3-4 Weeks,12500,10,125000,85000,0.32,Y,0.08,Current
Small Parcel,48 Hours,225,1575,354375,300000,0.15,N,0.0,Current
Small Parcel,24 Hours,89,5000,445000,440000,0.01,N,0.0,Current
Small Parcel,72 Hours,132,494,65208,49408,0.2423015580910317,N,0.0,Potential
Large Parcel,1-2 Weeks,344,1907,656008,588234,0.1033127644784819,N,0.0,Potential
Small Parcel,3-4 Weeks,275,171,47025,35585,0.2432748538011696,Y,0.02,Potential
Large Parcel,2-3 Weeks,3674,285,1047090,934117,0.1078923492727463,N,0.0,Potential
Large Parcel,3-4 Weeks,583,887,517121,397877,0.2305920664602675,N,0.0,Potential
Large Parcel,2-3 Weeks,75,1201,90075,69278,0.2308853733000277,N,0.0,Potential
Small Parcel,24 Hours,75,2850,213750,165190,0.2271812865497076,Y,0.02,Potential
Small Parcel,48 Hours,722,50,36100,30917,0.143573407202216,Y,0.03,Potential
Small Parcel,3-4 Weeks,1606,728,1169168,1023837,0.1243029231042929,Y,0.06,Potential
Large Parcel,Less Than 1 Week,1871,231,432201,374793,0.1328270873968361,Y,0.01,Potential
Large Parcel,48 Hours,227,726,164802,141872,0.1391366609628524,Y,0.03,Potential
Large Parcel,Less Than 1 Week,776,50,38800,30599,0.2113659793814433,Y,0.01,Potential
Small Parcel,24 Hours,784,249,195216,179150,0.0822985820834357,Y,0.37,Potential
Small Parcel,24 Hours,77,449,34573,28639,0.1716368264252451,Y,0.07,Potential
Large Parcel,72 Hours,4004,424,1697696,1305004,0.2313087855540685,Y,0.01,Potential
Small Parcel,1-2 Weeks,894,645,576630,513378,0.1096925238020914,Y,0.09,Potential
Large Parcel,48 Hours,88,1636,143968,136580,0.0513169593242942,N,0.0,Potential
Large Parcel,24 Hours,1720,1619,2784680,2588469,0.070460878808337,Y,0.27,Potential
Large Parcel,24 Hours,75,823,61725,55972,0.0932037262049412,Y,0.05,Potential
Small Parcel,Less Than 1 Week,3264,1146,3740544,3361816,0.1012494439311501,Y,0.01,Potential
Small Parcel,24 Hours,201,364,73164,63330,0.1344103657536493,Y,0.04,Potential
Large Parcel,72 Hours,1851,5334,9873234,8965084,0.0919810064260606,Y,0.0,Potential
Large Parcel,2-3 Weeks,302,101,30502,24469,0.1977903088322077,Y,0.11,Potential
Large Parcel,72 Hours,1358,700,950600,872574,0.0820807910793183,N,0.0,Potential
Large Parcel,1-2 Weeks,1959,528,1034352,951966,0.0796498677432827,N,0.0,Potential
Small Parcel,24 Hours,75,757,56775,50668,0.1075649493615147,Y,0.05,Potential
Small Parcel,48 Hours,434,77,33418,27640,0.172900831887007,N,0.0,Potential
Large Parcel,2-3 Weeks,270,2248,606960,525012,0.135013839462238,Y,0.03,Potential
Small Parcel,3-4 Weeks,1875,1091,2045625,1846815,0.0971879010082493,Y,0.08,Potential
Large Parcel,48 Hours,351,651,228501,197802,0.1343495214462956,Y,0.03,Potential
Large Parcel,2-3 Weeks,1108,2224,2464192,2333784,0.0529212009453808,Y,0.1,Potential
Small Parcel,48 Hours,551,576,317376,276567,0.1285825015124017,Y,0.07,Potential
Large Parcel,24 Hours,75,1387,104025,83177,0.2004133621725546,Y,0.08,Potential
Large Parcel,48 Hours,2115,225,475875,393095,0.173953244024166,N,0.0,Potential
Small Parcel,72 Hours,616,50,30800,27411,0.1100324675324675,N,0.0,Potential
Small Parcel,24 Hours,1924,637,1225588,959496,0.217113744586272,Y,0.07,Potential
Large Parcel,72 Hours,298,899,267902,211789,0.209453456861091,N,0.0,Potential
Small Parcel,3-4 Weeks,75,160,12000,9247,0.2294166666666666,N,0.0,Potential
Small Parcel,24 Hours,1477,1377,2033829,1626387,0.2003324763291309,Y,0.02,Potential
Large Parcel,2-3 Weeks,1974,3666,7236684,5490999,0.2412271974290987,N,0.0,Potential
Small Parcel,3-4 Weeks,1194,672,802368,677399,0.1557502293212092,N,0.0,Potential
Large Parcel,Less Than 1 Week,2256,1147,2587632,2179417,0.1577562033550365,N,0.0,Potential
Small Parcel,1-2 Weeks,969,510,494190,380044,0.2309759404277707,N,0.0,Potential
Large Parcel,3-4 Weeks,252,328,82656,75476,0.0868660472319008,Y,0.26,Potential
Large Parcel,Less Than 1 Week,1360,730,992800,843747,0.150133964544722,N,0.0,Potential
Small Parcel,1-2 Weeks,75,184,13800,11759,0.1478985507246376,Y,0.1,Potential
Large Parcel,48 Hours,1181,1331,1571911,1201651,0.2355476868601339,Y,0.05,Potential
Small Parcel,Less Than 1 Week,211,6187,1305457,1205300,0.0767217916790825,N,0.0,Potential
Small Parcel,Less Than 1 Week,488,72,35136,27205,0.2257229052823315,Y,0.02,Potential
Large Parcel,Less Than 1 Week,583,838,488554,372582,0.2373780585155377,Y,0.05,Potential
Small Parcel,3-4 Weeks,994,634,630196,490117,0.2222784657471643,N,0.0,Potential
Small Parcel,Less Than 1 Week,1585,483,765555,595173,0.2225601034543566,N,0.0,Potential
Small Parcel,48 Hours,333,2113,703629,630413,0.104054835715981,N,0.0,Potential
Small Parcel,Less Than 1 Week,582,469,272958,222941,0.1832406450809282,N,0.0,Potential
Large Parcel,2-3 Weeks,314,1420,445880,389151,0.1272292993630573,N,0.0,Potential
Small Parcel,Less Than 1 Week,769,124,95356,89644,0.0599018415201979,N,0.0,Potential
Large Parcel,72 Hours,1578,1297,2046666,1607851,0.2144047929657306,Y,0.02,Potential
Small Parcel,72 Hours,141,2898,408618,327927,0.1974729453915392,Y,0.58,Potential
Small Parcel,2-3 Weeks,1006,206,207236,157787,0.2386120172170858,Y,0.04,Potential
Small Parcel,Less Than 1 Week,499,1112,554888,515410,0.0711458889001023,Y,0.07,Potential
Large Parcel,2-3 Weeks,1301,2088,2716488,2360478,0.1310552448602754,N,0.0,Potential
Small Parcel,24 Hours,1332,1122,1494504,1183859,0.2078582593288475,N,0.0,Potential
Large Parcel,2-3 Weeks,445,1569,698205,592679,0.1511389921298186,Y,0.11,Potential
Large Parcel,1-2 Weeks,314,677,212578,171709,0.1922541373048951,Y,0.05,Potential
Large Parcel,Less Than 1 Week,81,50,4050,3111,0.2318518518518518,Y,0.43,Potential
Large Parcel,48 Hours,75,326,24450,18449,0.245439672801636,N,0.0,Potential
Large Parcel,48 Hours,802,530,425060,365202,0.1408224721215828,N,0.0,Potential
Large Parcel,48 Hours,508,1347,684276,594134,0.1317333941275158,N,0.0,Potential
Small Parcel,72 Hours,536,50,26800,23982,0.1051492537313432,N,0.0,Potential
Small Parcel,48 Hours,350,188,65800,52177,0.2070364741641337,Y,0.07,Potential
Small Parcel,24 Hours,1206,159,191754,171188,0.1072519999582798,Y,0.02,Potential
Small Parcel,Less Than 1 Week,2475,221,546975,466686,0.146787330316742,Y,0.02,Potential
Large Parcel,2-3 Weeks,281,227,63787,50820,0.2032859360057692,Y,0.06,Potential
Large Parcel,48 Hours,2327,328,763256,718974,0.058017231440041,N,0.0,Potential
Large Parcel,Less Than 1 Week,377,1243,468611,409249,0.1266764971372844,N,0.0,Potential
Large Parcel,2-3 Weeks,169,1435,242515,206793,0.1472981052718388,Y,0.16,Potential
Small Parcel,1-2 Weeks,654,161,105294,95243,0.0954565312363477,N,0.0,Potential
Small Parcel,1-2 Weeks,75,1199,89925,76150,0.1531832082290798,Y,0.09,Potential
Small Parcel,48 Hours,955,1218,1163190,984969,0.1532174451293425,Y,0.03,Potential
Large Parcel,24 Hours,244,1678,409432,371258,0.0932364837140233,Y,0.02,Potential
Large Parcel,3-4 Weeks,257,1260,323820,243514,0.2479958001358779,N,0.0,Potential
Small Parcel,Less Than 1 Week,323,1544,498712,469323,0.0589298031729735,N,0.0,Potential
Small Parcel,3-4 Weeks,2806,1012,2839672,2264198,0.2026550953772125,Y,0.09,Potential
Small Parcel,1-2 Weeks,452,80,36160,28723,0.2056692477876106,N,0.0,Potential
Large Parcel,Less Than 1 Week,670,1208,809360,622072,0.2314025897005041,Y,0.02,Potential
Small Parcel,24 Hours,265,269,71285,65958,0.0747282036894157,Y,0.01,Potential
Small Parcel,2-3 Weeks,1546,1344,2077824,1706162,0.1788707802008254,Y,0.02,Potential
Small Parcel,1-2 Weeks,461,425,195925,170739,0.1285491897409723,N,0.0,Potential
Small Parcel,48 Hours,149,888,132312,112213,0.1519061007316041,N,0.0,Potential
Small Parcel,Less Than 1 Week,4324,1723,7450252,7067627,0.0513573232153758,Y,0.07,Potential
Small Parcel,24 Hours,557,431,240067,210544,0.1229781685946006,N,0.0,Potential
Small Parcel,48 Hours,597,735,438795,358199,0.1836757483562939,Y,0.15,Potential
Small Parcel,3-4 Weeks,419,1212,507828,433182,0.1469907133911482,N,0.0,Potential
Small Parcel,Less Than 1 Week,340,213,72420,63029,0.1296741231703949,N,0.0,Potential
Small Parcel,2-3 Weeks,623,283,176309,154083,0.126062764804973,Y,0.02,Potential
Small Parcel,1-2 Weeks,714,1651,1178814,950027,0.1940823573523897,Y,0.19,Potential
Small Parcel,72 Hours,3062,693,2121966,1958211,0.0771713590132923,Y,0.63,Potential
Large Parcel,24 Hours,100,529,52900,44919,0.1508695652173913,N,0.0,Potential
Small Parcel,3-4 Weeks,1553,694,1077782,860670,0.2014433345518852,N,0.0,Potential
Large Parcel,3-4 Weeks,1328,1635,2171280,2012227,0.0732531041597583,Y,0.02,Potential
Small Parcel,2-3 Weeks,75,1870,140250,126041,0.1013119429590017,Y,0.08,Potential
Small Parcel,Less Than 1 Week,231,1347,311157,275812,0.113592173725804,Y,0.13,Potential
Large Parcel,72 Hours,75,1489,111675,95553,0.1443653458697112,Y,0.03,Potential
Small Parcel,24 Hours,395,481,189995,176142,0.0729124450643438,Y,0.04,Potential
Small Parcel,48 Hours,75,3050,228750,180157,0.2124284153005464,N,0.0,Potential
Large Parcel,2-3 Weeks,1198,1544,1849712,1728797,0.0653696359217002,N,0.0,Potential
Large Parcel,24 Hours,648,1934,1253232,1139088,0.0910797043165192,Y,0.02,Potential
Small Parcel,3-4 Weeks,1058,1124,1189192,1054604,0.1131760052203513,Y,0.06,Potential
Small Parcel,2-3 Weeks,1210,1704,2061840,1917739,0.0698895161603228,N,0.0,Potential
Small Parcel,Less Than 1 Week,320,290,92800,84438,0.0901077586206896,Y,0.02,Potential
Small Parcel,1-2 Weeks,1420,938,1331960,1166517,0.1242101864920868,Y,0.02,Potential
Small Parcel,48 Hours,1237,1087,1344619,1212141,0.0985245634637023,Y,0.04,Potential
Small Parcel,3-4 Weeks,448,1817,814016,736467,0.0952671691956914,Y,0.13,Potential
Large Parcel,2-3 Weeks,1143,356,406908,348603,0.1432879176619776,Y,0.01,Potential
Small Parcel,72 Hours,75,125,9375,7884,0.15904,Y,0.12,Potential
Small Parcel,1-2 Weeks,75,1404,105300,89021,0.1545963912630579,N,0.0,Potential
Small Parcel,48 Hours,1041,709,738069,568558,0.229668228851232,N,0.0,Potential
Small Parcel,3-4 Weeks,1280,250,320000,260788,0.1850375,Y,0.05,Potential
Small Parcel,24 Hours,450,50,22500,18735,0.1673333333333333,Y,0.01,Potential
Small Parcel,Less Than 1 Week,486,4680,2274480,2011815,0.1154835390946502,Y,0.1,Potential
Large Parcel,24 Hours,724,587,424988,400637,0.0572980884166141,Y,0.05,Potential
Large Parcel,24 Hours,463,602,278726,244324,0.1234258734384305,Y,0.07,Potential
Small Parcel,1-2 Weeks,75,225,16875,15148,0.1023407407407407,Y,0.01,Potential
Large Parcel,2-3 Weeks,1047,1476,1545372,1193608,0.2276241578079582,Y,0.02,Potential
Small Parcel,24 Hours,2350,1276,2998600,2490247,0.1695301140532248,N,0.0,Potential
Large Parcel,72 Hours,150,1699,254850,211026,0.1719599764567392,N,0.0,Potential
Large Parcel,Less Than 1 Week,75,1526,114450,102732,0.1023853211009174,Y,0.07,Potential
Small Parcel,24 Hours,911,270,245970,201347,0.1814164328983209,Y,0.01,Potential
Small Parcel,72 Hours,1621,50,81050,64152,0.2084885872917951,N,0.0,Potential
Small Parcel,72 Hours,1357,559,758563,701490,0.0752383124407597,Y,0.01,Potential
Large Parcel,48 Hours,273,389,106197,81717,0.2305149862990479,Y,0.02,Potential
Small Parcel,48 Hours,540,2867,1548180,1346638,0.1301799532354119,Y,0.02,Potential
Large Parcel,2-3 Weeks,1649,997,1644053,1337958,0.1861831704938952,N,0.0,Potential
Small Parcel,48 Hours,1568,1011,1585248,1332766,0.1592697167887926,N,0.0,Potential
Small Parcel,72 Hours,342,1319,451098,415631,0.0786237136941418,N,0.0,Potential
Large Parcel,3-4 Weeks,358,56,20048,15912,0.2063048683160415,N,0.0,Potential
Large Parcel,48 Hours,184,286,52624,47992,0.0880206749771967,N,0.0,Potential
Small Parcel,3-4 Weeks,365,1403,512095,460881,0.1000087874320194,Y,0.03,Potential
Large Parcel,72 Hours,3773,1037,3912601,3101136,0.2073978409758623,Y,0.05,Potential
Small Parcel,2-3 Weeks,498,1837,914826,703426,0.2310821948654716,N,0.0,Potential
Large Parcel,1-2 Weeks,1033,646,667318,509744,0.2361303006962198,N,0.0,Potential
Small Parcel,2-3 Weeks,205,1104,226320,211476,0.0655885471898197,Y,0.04,Potential
Large Parcel,72 Hours,626,864,540864,507288,0.0620784522541711,Y,0.31,Potential
Small Parcel,48 Hours,576,825,475200,356749,0.2492655723905724,N,0.0,Potential
Small Parcel,48 Hours,838,1540,1290520,1022564,0.2076341319778074,Y,0.03,Potential
Large Parcel,24 Hours,1472,1378,2028416,1646950,0.1880610289013693,Y,0.46,Potential
Small Parcel,2-3 Weeks,133,276,36708,29032,0.2091097308488612,Y,0.03,Potential
Small Parcel,3-4 Weeks,4179,471,1968309,1511504,0.2320799224105564,Y,0.01,Potential
Large Parcel,3-4 Weeks,967,841,813247,654798,0.1948350255211516,N,0.0,Potential
Small Parcel,24 Hours,494,589,290966,250403,0.1394080408020181,N,0.0,Potential
Small Parcel,24 Hours,588,390,229320,184229,0.1966291644863073,N,0.0,Potential
Small Parcel,24 Hours,633,182,115206,103576,0.1009496033192715,N,0.0,Potential
Small Parcel,72 Hours,1134,1240,1406160,1168290,0.1691628264208909,Y,0.05,Potential
Large Parcel,1-2 Weeks,1001,2881,2883881,2323841,0.1941966398752237,N,0.0,Potential
Small Parcel,1-2 Weeks,475,3346,1589350,1482263,0.0673778588731242,N,0.0,Potential
Large Parcel,1-2 Weeks,1331,849,1130019,1040267,0.0794252132043797,N,0.0,Potential
Large Parcel,72 Hours,327,287,93849,77544,0.1737365342198638,Y,0.07,Potential
Small Parcel,24 Hours,3048,1982,6041136,5286341,0.1249425604720701,N,0.0,Potential
Large Parcel,Less Than 1 Week,1278,148,189144,178080,0.058495114833143,N,0.0,Potential
Small Parcel,3-4 Weeks,361,1603,578683,435581,0.2472891030149494,N,0.0,Potential
Large Parcel,3-4 Weeks,102,50,5100,4063,0.2033333333333333,Y,0.11,Potential
Small Parcel,24 Hours,2081,716,1489996,1201463,0.1936468285820901,Y,0.02,Potential
Large Parcel,2-3 Weeks,482,50,24100,22163,0.0803734439834024,Y,0.03,Potential
Large Parcel,24 Hours,169,800,135200,123575,0.0859837278106508,N,0.0,Potential
Small Parcel,Less Than 1 Week,75,2031,152325,120216,0.210792712949286,N,0.0,Potential
Large Parcel,2-3 Weeks,272,3765,1024080,819867,0.1994111788141551,Y,0.03,Potential
Small Parcel,Less Than 1 Week,877,3281,2877437,2412934,0.1614294248666434,Y,0.01,Potential
Small Parcel,72 Hours,209,1312,274208,248826,0.0925647683510327,N,0.0,Potential
Large Parcel,72 Hours,75,169,12675,10407,0.1789349112426035,Y,0.01,Potential
Small Parcel,2-3 Weeks,875,493,431375,340325,0.2110692552883222,N,0.0,Potential
Small Parcel,24 Hours,316,1051,332116,267062,0.1958773440605089,N,0.0,Potential
Large Parcel,Less Than 1 Week,807,238,192066,158870,0.1728364208136786,N,0.0,Potential
Small Parcel,3-4 Weeks,258,1037,267546,222222,0.1694063824538584,N,0.0,Potential
Small Parcel,24 Hours,81,711,57591,49085,0.1476966887187234,N,0.0,Potential
Small Parcel,Less Than 1 Week,457,135,61695,55934,0.0933787178863765,N,0.0,Potential
Small Parcel,Less Than 1 Week,2259,908,2051172,1914171,0.066791570867777,N,0.0,Potential
Large Parcel,1-2 Weeks,75,1161,87075,73567,0.1551306345104794,Y,0.03,Potential
Large Parcel,72 Hours,504,1570,791280,673043,0.1494249823071479,N,0.0,Potential
Large Parcel,24 Hours,1575,671,1056825,821756,0.2224294466917417,Y,0.02,Potential
Small Parcel,24 Hours,270,503,135810,121882,0.1025550401295928,Y,0.01,Potential
Small Parcel,1-2 Weeks,3682,2546,9374372,7696196,0.1790174317810302,N,0.0,Potential
Large Parcel,3-4 Weeks,264,1947,514008,470652,0.0843488817294672,N,0.0,Potential
Small Parcel,24 Hours,327,658,215166,203200,0.0556128756402033,Y,0.01,Potential
Small Parcel,24 Hours,115,336,38640,36598,0.0528467908902691,Y,0.01,Potential
Small Parcel,1-2 Weeks,2446,167,408482,369096,0.0964204053054969,N,0.0,Potential
Large Parcel,72 Hours,1078,1789,1928542,1481765,0.2316656831948695,N,0.0,Potential
Large Parcel,72 Hours,501,809,405309,312186,0.2297580364610704,N,0.0,Potential
Small Parcel,1-2 Weeks,1058,1151,1217758,1009853,0.1707276815262145,Y,0.16,Potential
Large Parcel,72 Hours,434,110,47740,38819,0.1868663594470046,Y,0.01,Potential
Small Parcel,24 Hours,1465,1479,2166735,1907908,0.1194548479624873,N,0.0,Potential
Small Parcel,72 Hours,1406,1057,1486142,1294446,0.1289890198917734,N,0.0,Potential
Large Parcel,72 Hours,442,50,22100,17689,0.1995927601809954,Y,0.2,Potential
Large Parcel,24 Hours,454,811,368194,300862,0.1828709864908173,N,0.0,Potential
Small Parcel,3-4 Weeks,169,70,11830,9295,0.2142857142857142,N,0.0,Potential
Large Parcel,Less Than 1 Week,1278,1074,1372572,1130835,0.1761197226812145,Y,0.06,Potential
Large Parcel,48 Hours,1167,785,916095,844074,0.0786173923010168,Y,0.15,Potential
Small Parcel,1-2 Weeks,983,78,76674,64656,0.1567415290711323,N,0.0,Potential
Large Parcel,48 Hours,1651,486,802386,667600,0.167981495190594,N,0.0,Potential
Large Parcel,Less Than 1 Week,3083,1003,3092249,2899608,0.0622980232186994,N,0.0,Potential
Large Parcel,48 Hours,538,982,528316,481839,0.0879719713201947,Y,0.07,Potential
Small Parcel,Less Than 1 Week,637,171,108927,98353,0.0970741872997512,Y,0.04,Potential
Small Parcel,Less Than 1 Week,831,621,516051,437328,0.1525488759831877,N,0.0,Potential
Large Parcel,72 Hours,75,159,11925,9091,0.2376519916142557,N,0.0,Potential
Large Parcel,2-3 Weeks,100,402,40200,36702,0.0870149253731343,Y,0.04,Potential
Small Parcel,72 Hours,497,2881,1431857,1196007,0.1647161692822677,N,0.0,Potential
Large Parcel,24 Hours,98,149,14602,10992,0.24722640734146,N,0.0,Potential
Large Parcel,3-4 Weeks,979,2372,2322188,2187556,0.0579763567807602,N,0.0,Potential
Large Parcel,2-3 Weeks,75,1244,93300,84359,0.0958306538049303,N,0.0,Potential
Small Parcel,1-2 Weeks,356,419,149164,127267,0.1467981550508165,Y,0.06,Potential
Large Parcel,24 Hours,318,1075,341850,292658,0.1438993710691823,N,0.0,Potential
Large Parcel,72 Hours,708,398,281784,228018,0.1908057235329188,Y,0.0,Potential
Small Parcel,3-4 Weeks,349,307,107143,88574,0.1733104355860859,N,0.0,Potential
Large Parcel,Less Than 1 Week,1311,666,873126,728144,0.166049344539047,Y,0.05,Potential
Small Parcel,3-4 Weeks,75,50,3750,3356,0.1050666666666666,N,0.0,Potential
Large Parcel,Less Than 1 Week,1449,2433,3525417,2650038,0.2483050941207806,N,0.0,Potential
Small Parcel,24 Hours,1679,314,527206,483925,0.082095044441831,Y,0.03,Potential
Large Parcel,1-2 Weeks,423,483,204309,161569,0.2091929381476097,Y,0.06,Potential
Large Parcel,1-2 Weeks,225,616,138600,130616,0.0576046176046176,Y,0.02,Potential
Small Parcel,24 Hours,747,2363,1765161,1345267,0.2378785844464046,Y,0.06,Potential
Large Parcel,3-4 Weeks,1331,250,332750,262252,0.2118647633358377,N,0.0,Potential
Large Parcel,48 Hours,2118,388,821784,749013,0.0885524663415204,N,0.0,Potential
Large Parcel,3-4 Weeks,441,53,23373,18853,0.193385530312754,Y,0.04,Potential
Small Parcel,48 Hours,2654,722,1916188,1767420,0.0776374760722851,N,0.0,Potential
Small Parcel,24 Hours,2180,1095,2387100,2211018,0.0737639814000251,N,0.0,Potential
Large Parcel,72 Hours,3170,363,1150710,1019843,0.1137271771341172,N,0.0,Potential
Large Parcel,1-2 Weeks,1170,184,215280,177959,0.1733602749907097,Y,0.03,Potential
Small Parcel,Less Than 1 Week,1345,201,270345,204420,0.2438550740720191,Y,0.06,Potential
Large Parcel,24 Hours,967,1113,1076271,1011339,0.0603305301359973,N,0.0,Potential
Small Parcel,3-4 Weeks,622,2586,1608492,1399764,0.1297662655456166,Y,0.03,Potential
Small Parcel,3-4 Weeks,427,2546,1087142,1015630,0.0657798153323117,Y,0.14,Potential
Large Parcel,72 Hours,1397,1047,1462659,1143137,0.218452831452854,N,0.0,Potential
Large Parcel,72 Hours,1748,529,924692,844598,0.0866169492111968,N,0.0,Potential
Large Parcel,24 Hours,180,2440,439200,369349,0.1590414389799635,N,0.0,Potential
Large Parcel,3-4 Weeks,1971,419,825849,652284,0.2101655387365002,Y,0.08,Potential
Large Parcel,1-2 Weeks,2211,3549,7846839,7452401,0.0502671203015634,N,0.0,Potential
Large Parcel,72 Hours,266,171,45486,35407,0.2215846634129182,Y,0.1,Potential
Large Parcel,24 Hours,2107,2007,4228749,3359989,0.2054413728504576,Y,0.04,Potential
Small Parcel,2-3 Weeks,2481,548,1359588,1219226,0.1032386281726523,N,0.0,Potential
Large Parcel,24 Hours,1058,1034,1093972,834595,0.2370965618864102,N,0.0,Potential
Small Parcel,2-3 Weeks,2795,1982,5539690,4184843,0.2445709055921901,Y,0.05,Potential
Large Parcel,2-3 Weeks,626,365,228490,212351,0.0706332881088887,Y,0.03,Potential
Small Parcel,3-4 Weeks,232,526,122032,101680,0.1667759276255408,N,0.0,Potential
Large Parcel,3-4 Weeks,3091,314,970574,886837,0.0862757502261548,Y,0.01,Potential
Large Parcel,2-3 Weeks,3544,763,2704072,2539712,0.0607824052022283,Y,0.06,Potential
Small Parcel,1-2 Weeks,712,341,242792,216114,0.1098800619460278,N,0.0,Potential
Large Parcel,3-4 Weeks,281,2534,712054,652225,0.0840231218418827,Y,0.4,Potential
Small Parcel,72 Hours,1616,776,1254016,1150320,0.082691129937736,N,0.0,Potential
Small Parcel,2-3 Weeks,673,630,423990,318746,0.2482228354442321,N,0.0,Potential
Large Parcel,48 Hours,75,68,5100,4714,0.0756862745098039,N,0.0,Potential
Small Parcel,Less Than 1 Week,3474,3836,13326264,11455890,0.1403524648768777,N,0.0,Potential
Small Parcel,72 Hours,75,580,43500,34654,0.2033563218390804,N,0.0,Potential
Large Parcel,1-2 Weeks,4169,1130,4710970,3633554,0.2287036427742057,N,0.0,Potential
Small Parcel,1-2 Weeks,1354,430,582220,497081,0.1462316650063549,N,0.0,Potential
Large Parcel,1-2 Weeks,1136,600,681600,640937,0.0596581572769953,N,0.0,Potential
Large Parcel,2-3 Weeks,567,788,446796,339535,0.2400670552108792,Y,0.01,Potential
Large Parcel,2-3 Weeks,123,1440,177120,138651,0.2171917344173441,Y,0.01,Potential
Small Parcel,72 Hours,1246,1764,2197944,2078943,0.0541419617606272,N,0.0,Potential
Large Parcel,72 Hours,654,56,36624,28369,0.2253986456968108,Y,0.05,Potential
Large Parcel,72 Hours,75,972,72900,58393,0.1989986282578875,N,0.0,Potential
Small Parcel,24 Hours,875,1192,1043000,893158,0.1436644295302013,N,0.0,Potential
Small Parcel,Less Than 1 Week,850,791,672350,613839,0.0870246151557968,N,0.0,Potential
Large Parcel,72 Hours,1069,378,404082,327247,0.1901470493612682,Y,0.02,Potential
Large Parcel,72 Hours,572,114,65208,51384,0.2119985277880014,Y,0.05,Potential
Large Parcel,3-4 Weeks,492,1001,492492,458523,0.0689737092176116,N,0.0,Potential
Large Parcel,Less Than 1 Week,920,50,46000,43321,0.0582391304347826,Y,0.27,Potential
Small Parcel,2-3 Weeks,130,341,44330,41988,0.0528310399278141,N,0.0,Potential
Small Parcel,24 Hours,614,1776,1090464,933210,0.1442083370014966,Y,0.03,Potential
Small Parcel,1-2 Weeks,579,640,370560,284091,0.2333468264248704,N,0.0,Potential
Large Parcel,48 Hours,1693,1754,2969522,2522771,0.1504454252233187,Y,0.11,Potential
Small Parcel,48 Hours,384,639,245376,225824,0.0796817944705268,N,0.0,Potential
Small Parcel,1-2 Weeks,416,343,142688,111550,0.2182243776631531,N,0.0,Potential
Small Parcel,Less Than 1 Week,552,86,47472,40263,0.1518579373104145,N,0.0,Potential
Small Parcel,1-2 Weeks,2206,156,344136,293067,0.1483977264802287,Y,0.02,Potential
Large Parcel,24 Hours,484,2450,1185800,1034254,0.127800640917524,Y,0.01,Potential
Small Parcel,3-4 Weeks,1181,1027,1212887,1119523,0.0769766680655329,Y,0.18,Potential
Small Parcel,72 Hours,1515,531,804465,747981,0.0702131230072159,N,0.0,Potential
Small Parcel,48 Hours,112,739,82768,72649,0.1222573941619949,N,0.0,Potential
Large Parcel,2-3 Weeks,681,2746,1870026,1599279,0.1447824789601856,N,0.0,Potential
Small Parcel,1-2 Weeks,1586,908,1440088,1336468,0.0719539361483464,Y,0.06,Potential
Large Parcel,48 Hours,590,333,196470,184305,0.0619178500534432,Y,0.03,Potential
Small Parcel,72 Hours,339,995,337305,283515,0.1594699159514386,N,0.0,Potential
Large Parcel,Less Than 1 Week,740,101,74740,56233,0.2476184104896976,N,0.0,Potential
Small Parcel,3-4 Weeks,309,321,99189,77314,0.2205385677847341,Y,0.02,Potential
Large Parcel,3-4 Weeks,1019,1114,1135166,1064175,0.0625379900384613,Y,0.18,Potential
Large Parcel,1-2 Weeks,1114,909,1012626,831534,0.1788340413933673,N,0.0,Potential
Small Parcel,Less Than 1 Week,1356,227,307812,283885,0.0777325120528114,Y,0.03,Potential
Large Parcel,72 Hours,223,337,75151,62559,0.167555987278945,N,0.0,Potential
Small Parcel,3-4 Weeks,449,1961,880489,699196,0.2059003576421738,N,0.0,Potential
Small Parcel,3-4 Weeks,2412,3227,7783524,6128218,0.2126679380702108,N,0.0,Potential
Small Parcel,Less Than 1 Week,116,1701,197316,175128,0.1124490664720549,Y,0.02,Potential
Small Parcel,2-3 Weeks,244,50,12200,11044,0.0947540983606557,N,0.0,Potential
Small Parcel,24 Hours,491,122,59902,45545,0.2396748021768889,N,0.0,Potential
Large Parcel,1-2 Weeks,366,503,184098,167377,0.090826624949755,N,0.0,Potential
Small Parcel,48 Hours,972,131,127332,107734,0.1539126064147268,N,0.0,Potential
Large Parcel,Less Than 1 Week,743,50,37150,32303,0.1304710632570659,N,0.0,Potential
Small Parcel,72 Hours,80,394,31520,29063,0.0779505076142132,N,0.0,Potential
Large Parcel,3-4 Weeks,391,1975,772225,718613,0.0694253617792741,N,0.0,Potential
Small Parcel,48 Hours,244,169,41236,32515,0.2114899602289262,Y,0.02,Potential
Small Parcel,Less Than 1 Week,291,50,14550,13698,0.0585567010309278,Y,0.0,Potential
Small Parcel,Less Than 1 Week,658,139,91462,77843,0.1489033697054514,Y,0.03,Potential
Large Parcel,3-4 Weeks,770,98,75460,56609,0.2498144712430426,N,0.0,Potential
Small Parcel,3-4 Weeks,176,679,119504,98867,0.172688780291873,N,0.0,Potential
Small Parcel,3-4 Weeks,75,662,49650,42202,0.1500100704934542,N,0.0,Potential
Small Parcel,2-3 Weeks,1918,2238,4292484,4056393,0.0550010203881948,Y,0.02,Potential
Small Parcel,3-4 Weeks,1273,102,129846,106026,0.1834480846541287,Y,0.05,Potential
Large Parcel,24 Hours,818,1351,1105118,893371,0.1916057832738223,Y,0.03,Potential
Large Parcel,72 Hours,75,1193,89475,79108,0.1158647666946074,N,0.0,Potential
Large Parcel,1-2 Weeks,549,478,262422,236536,0.0986426442904939,Y,0.05,Potential
Large Parcel,1-2 Weeks,769,2705,2080145,1891499,0.090688870247026,N,0.0,Potential
Large Parcel,24 Hours,1230,886,1089780,859647,0.2111738148984198,Y,0.39,Potential
Small Parcel,1-2 Weeks,406,294,119364,106949,0.1040095841292182,N,0.0,Potential
Large Parcel,2-3 Weeks,2007,129,258903,240691,0.0703429469724182,N,0.0,Potential
Large Parcel,24 Hours,798,88,70224,57189,0.1856203007518796,Y,0.11,Potential
Small Parcel,Less Than 1 Week,202,834,168468,144495,0.1423000213690433,N,0.0,Potential
Small Parcel,Less Than 1 Week,275,634,174350,151260,0.1324347576713507,Y,0.09,Potential
Small Parcel,1-2 Weeks,968,522,505296,473789,0.0623535511858395,Y,0.03,Potential
Large Parcel,1-2 Weeks,696,1930,1343280,1246016,0.0724078375320112,Y,0.1,Potential
Small Parcel,72 Hours,299,686,205114,175570,0.1440369745604883,Y,0.07,Potential
Small Parcel,2-3 Weeks,83,2097,174051,158850,0.0873364703448989,Y,0.2,Potential
Large Parcel,Less Than 1 Week,1433,2747,3936451,3683120,0.0643551767823351,N,0.0,Potential
Small Parcel,1-2 Weeks,2562,346,886452,788826,0.1101311746152075,Y,0.05,Potential
Large Parcel,Less Than 1 Week,501,1552,777552,715576,0.0797065662489454,Y,0.02,Potential
Small Parcel,Less Than 1 Week,99,386,38214,35387,0.0739781232009211,Y,0.03,Potential
Small Parcel,2-3 Weeks,1537,1957,3007909,2368279,0.2126493853371229,Y,0.02,Potential
Small Parcel,48 Hours,398,1108,440984,352126,0.2014993741269524,Y,0.01,Potential
Small Parcel,2-3 Weeks,517,50,25850,21298,0.1760928433268858,Y,0.06,Potential
Large Parcel,3-4 Weeks,199,483,96117,74182,0.2282114506278806,Y,0.01,Potential
Large Parcel,3-4 Weeks,2431,560,1361360,1070935,0.213334459657989,N,0.0,Potential
Large Parcel,Less Than 1 Week,456,903,411768,350346,0.1491665209535466,Y,0.0,Potential
Small Parcel,48 Hours,1175,848,996400,754445,0.2428291850662384,Y,0.1,Potential
Large Parcel,Less Than 1 Week,1010,386,389860,369747,0.0515903144718616,Y,0.2,Potential
Large Parcel,48 Hours,261,589,153729,138897,0.0964814706398922,Y,0.04,Potential
Large Parcel,3-4 Weeks,5348,2474,13230952,11985552,0.0941277694908121,Y,0.33,Potential
Large Parcel,1-2 Weeks,496,2990,1483040,1165088,0.2143920595533499,Y,0.08,Potential
Large Parcel,2-3 Weeks,798,330,263340,227295,0.1368762816131237,Y,0.04,Potential
Large Parcel,Less Than 1 Week,1943,466,905438,817920,0.0966581919468809,N,0.0,Potential
Small Parcel,72 Hours,516,3180,1640880,1405841,0.1432396031397786,Y,0.2,Potential
Large Parcel,2-3 Weeks,1458,936,1364688,1252835,0.0819623239890729,N,0.0,Potential
Large Parcel,72 Hours,442,1597,705874,547598,0.2242269866860091,Y,0.02,Potential
Large Parcel,1-2 Weeks,255,80,20400,16599,0.1863235294117647,N,0.0,Potential
Small Parcel,24 Hours,155,92,14260,13541,0.0504207573632538,N,0.0,Potential
Large Parcel,72 Hours,1675,428,716900,620647,0.134262798158739,N,0.0,Potential
Large Parcel,Less Than 1 Week,75,547,41025,38411,0.0637172455819622,N,0.0,Potential
Large Parcel,2-3 Weeks,152,860,130720,110474,0.1548806609547123,Y,0.68,Potential
Small Parcel,24 Hours,559,196,109564,90535,0.1736793107225001,Y,0.08,Potential
Small Parcel,72 Hours,437,50,21850,18011,0.1756979405034325,N,0.0,Potential
Large Parcel,2-3 Weeks,1805,443,799615,703249,0.1205154980834526,N,0.0,Potential
Large Parcel,2-3 Weeks,694,194,134636,107954,0.1981787931905285,Y,0.16,Potential
Large Parcel,3-4 Weeks,1315,130,170950,138793,0.1881076338110558,N,0.0,Potential
Small Parcel,24 Hours,159,542,86178,70534,0.1815312492747569,N,0.0,Potential
Large Parcel,2-3 Weeks,172,887,152564,128118,0.1602343934348863,Y,0.04,Potential
Small Parcel,1-2 Weeks,75,2027,152025,120047,0.2103469824042098,N,0.0,Potential
Large Parcel,24 Hours,281,684,192204,149739,0.2209371293001186,N,0.0,Potential
Large Parcel,72 Hours,1759,363,638517,575597,0.0985408375971195,Y,0.28,Potential
Small Parcel,1-2 Weeks,721,877,632317,500591,0.2083227242032082,Y,0.51,Potential
Large Parcel,3-4 Weeks,2583,830,2143890,1969836,0.0811860683150721,Y,0.02,Potential
Small Parcel,24 Hours,516,2067,1066572,868647,0.1855711569401784,Y,0.01,Potential
Small Parcel,3-4 Weeks,701,4213,2953313,2319543,0.2145962855951942,Y,0.01,Potential
Large Parcel,48 Hours,179,430,76970,67046,0.1289333506560998,Y,0.11,Potential
Small Parcel,72 Hours,216,255,55080,46980,0.1470588235294117,N,0.0,Potential
Large Parcel,24 Hours,454,944,428576,371155,0.1339809042036885,N,0.0,Potential
Small Parcel,1-2 Weeks,1360,1386,1884960,1697216,0.099601052542229,Y,0.3,Potential
Small Parcel,24 Hours,1320,863,1139160,932931,0.1810360265458759,Y,0.01,Potential
Large Parcel,72 Hours,75,1240,93000,81232,0.1265376344086021,Y,0.29,Potential
Small Parcel,48 Hours,313,2105,658865,535170,0.1877395217533182,N,0.0,Potential
Large Parcel,24 Hours,1125,490,551250,455669,0.1733895691609977,Y,0.07,Potential
Large Parcel,Less Than 1 Week,1596,1382,2205672,1831426,0.169674366814286,N,0.0,Potential
Small Parcel,24 Hours,494,2885,1425190,1072317,0.2475971624835986,Y,0.18,Potential
Large Parcel,72 Hours,897,716,642252,597379,0.0698682137229623,N,0.0,Potential
Large Parcel,3-4 Weeks,344,882,303408,273341,0.0990975847703422,N,0.0,Potential
Small Parcel,48 Hours,119,388,46172,39809,0.1378107944208611,Y,0.27,Potential
Large Parcel,72 Hours,1347,136,183192,138002,0.2466810777763221,N,0.0,Potential
Large Parcel,24 Hours,1281,64,81984,77345,0.0565842115534738,Y,0.05,Potential
Small Parcel,48 Hours,1045,669,699105,653987,0.0645368006236545,N,0.0,Potential
Large Parcel,48 Hours,244,1104,269376,219695,0.1844299417913993,N,0.0,Potential
Small Parcel,24 Hours,603,1333,803799,681292,0.152409993045525,N,0.0,Potential
Small Parcel,Less Than 1 Week,3804,50,190200,171214,0.0998212407991587,N,0.0,Potential
Large Parcel,1-2 Weeks,3251,580,1885580,1746814,0.0735932710359677,Y,0.01,Potential
Small Parcel,48 Hours,699,1486,1038714,845547,0.1859674559118294,Y,0.03,Potential
Small Parcel,72 Hours,921,1068,983628,788524,0.1983514092726112,N,0.0,Potential
Small Parcel,24 Hours,492,712,350304,269972,0.2293208184890837,N,0.0,Potential
Large Parcel,48 Hours,609,1242,756378,643672,0.1490075068285963,N,0.0,Potential
Small Parcel,Less Than 1 Week,903,291,262773,241966,0.0791824121960779,Y,0.03,Potential
Large Parcel,72 Hours,75,464,34800,27112,0.220919540229885,N,0.0,Potential
Large Parcel,24 Hours,1268,3094,3923192,3401641,0.1329404729618127,N,0.0,Potential
Large Parcel,3-4 Weeks,4553,868,3952004,3053652,0.2273155593972071,Y,0.04,Potential
Large Parcel,48 Hours,120,956,114720,100518,0.1237970711297071,Y,0.02,Potential
Large Parcel,72 Hours,75,2027,152025,129886,0.1456273639204078,N,0.0,Potential
Large Parcel,1-2 Weeks,917,381,349377,285308,0.1833807033662776,N,0.0,Potential
Small Parcel,72 Hours,641,50,32050,27370,0.1460218408736349,Y,0.05,Potential
Large Parcel,3-4 Weeks,2892,250,723000,582346,0.1945421853388658,Y,0.05,Potential
Large Parcel,72 Hours,818,175,143150,114943,0.1970450576318547,Y,0.04,Potential
Small Parcel,72 Hours,437,160,69920,63657,0.0895737986270023,Y,0.03,Potential
Large Parcel,Less Than 1 Week,1094,1992,2179248,2034605,0.0663728956043552,Y,0.03,Potential
Large Parcel,72 Hours,1070,291,311370,284292,0.0869640620483668,N,0.0,Potential
Large Parcel,2-3 Weeks,217,391,84847,71744,0.1544309168267587,Y,0.07,Potential
Large Parcel,Less Than 1 Week,1096,283,310168,283376,0.0863789946093729,N,0.0,Potential
Small Parcel,2-3 Weeks,311,374,116314,100164,0.1388482899736919,Y,0.09,Potential
Large Parcel,3-4 Weeks,3781,370,1398970,1214189,0.1320836043660693,Y,0.01,Potential
Small Parcel,3-4 Weeks,177,379,67083,61843,0.0781121893773385,Y,0.22,Potential
Small Parcel,3-4 Weeks,992,224,222208,168557,0.2414449524769585,N,0.0,Potential
Large Parcel,Less Than 1 Week,523,418,218614,176300,0.1935557649555838,N,0.0,Potential
Small Parcel,1-2 Weeks,75,50,3750,3260,0.1306666666666666,N,0.0,Potential
Small Parcel,1-2 Weeks,366,147,53802,45056,0.1625590126761087,Y,0.05,Potential
Large Parcel,3-4 Weeks,665,1024,680960,601154,0.1171963110902255,Y,0.06,Potential
Small Parcel,72 Hours,92,279,25668,21557,0.1601605111422783,N,0.0,Potential
Small Parcel,1-2 Weeks,241,397,95677,77883,0.1859799115774951,N,0.0,Potential
Small Parcel,2-3 Weeks,907,894,810858,705345,0.130125126717625,N,0.0,Potential
Large Parcel,2-3 Weeks,75,501,37575,31896,0.1511377245508982,Y,0.01,Potential
Large Parcel,48 Hours,180,1000,180000,149537,0.1692388888888888,N,0.0,Potential
Large Parcel,48 Hours,3590,1871,6716890,5367547,0.2008880598014855,N,0.0,Potential
Large Parcel,2-3 Weeks,5307,523,2775561,2391198,0.138481193531686,N,0.0,Potential
Large Parcel,48 Hours,1156,2653,3066868,2331371,0.2398202335411892,Y,0.04,Potential
Small Parcel,2-3 Weeks,347,541,187727,172085,0.08332312347185,N,0.0,Potential
Large Parcel,48 Hours,1533,331,507423,400190,0.211328615376126,Y,0.02,Potential
Large Parcel,24 Hours,75,848,63600,57208,0.100503144654088,N,0.0,Potential
Large Parcel,Less Than 1 Week,1347,693,933471,816142,0.1256911034193885,N,0.0,Potential
Large Parcel,Less Than 1 Week,595,1996,1187620,980998,0.1739798925582256,Y,0.1,Potential
Small Parcel,Less Than 1 Week,3923,1978,7759694,6942449,0.1053192303717131,Y,0.61,Potential
Small Parcel,72 Hours,328,1717,563176,436495,0.2249403383666917,N,0.0,Potential
Small Parcel,72 Hours,581,993,576933,492591,0.1461902855270889,Y,0.01,Potential
Small Parcel,72 Hours,637,1051,669487,582221,0.1303475646278419,N,0.0,Potential
Large Parcel,Less Than 1 Week,1142,1227,1401234,1077763,0.2308472389336827,N,0.0,Potential
Large Parcel,3-4 Weeks,1062,822,872964,670885,0.2314860635719227,N,0.0,Potential
Small Parcel,Less Than 1 Week,959,890,853510,700791,0.1789305339129008,Y,0.04,Potential
Small Parcel,2-3 Weeks,488,3480,1698240,1310171,0.2285124599585453,N,0.0,Potential
Large Parcel,Less Than 1 Week,1311,50,65550,60599,0.0755301296720061,N,0.0,Potential
Large Parcel,24 Hours,767,179,137293,113615,0.1724632719803631,N,0.0,Potential
Small Parcel,72 Hours,682,1518,1035276,964437,0.0684252315324609,Y,0.05,Potential
Small Parcel,2-3 Weeks,7231,58,419398,348785,0.1683675172509167,N,0.0,Potential
Large Parcel,24 Hours,219,2464,539616,408877,0.2422815483603154,Y,0.06,Potential
Small Parcel,72 Hours,2080,1302,2708160,2201089,0.1872381986293276,Y,0.02,Potential
Small Parcel,2-3 Weeks,577,3257,1879289,1773203,0.0564500723411886,Y,0.05,Potential
Large Parcel,Less Than 1 Week,531,363,192753,160057,0.1696264130778768,Y,0.05,Potential
Small Parcel,1-2 Weeks,942,7975,7512450,5893009,0.2155676244101458,N,0.0,Potential
Large Parcel,Less Than 1 Week,447,232,103704,81127,0.2177061636966751,Y,0.09,Potential
Small Parcel,3-4 Weeks,75,1104,82800,67536,0.1843478260869565,N,0.0,Potential
Small Parcel,2-3 Weeks,1377,4069,5603013,4628532,0.1739208886361677,Y,0.02,Potential
Small Parcel,Less Than 1 Week,384,248,95232,87227,0.084057879704301,Y,0.01,Potential
Large Parcel,24 Hours,146,1497,218562,188670,0.1367666840530375,Y,0.01,Potential
Large Parcel,Less Than 1 Week,762,287,218694,200618,0.0826543023585466,N,0.0,Potential
Small Parcel,24 Hours,2884,50,144200,131337,0.0892024965325936,N,0.0,Potential
Large Parcel,48 Hours,331,1441,476971,379178,0.2050292365783244,N,0.0,Potential
Small Parcel,72 Hours,75,2363,177225,140461,0.2074425165749753,Y,0.06,Potential
Large Parcel,72 Hours,2975,1002,2980950,2801453,0.0602146966571059,N,0.0,Potential
Small Parcel,48 Hours,274,478,130972,121454,0.0726720215007788,Y,0.03,Potential
Small Parcel,2-3 Weeks,684,964,659376,560774,0.149538351411031,Y,0.03,Potential
Small Parcel,3-4 Weeks,220,389,85580,74693,0.1272143024071044,Y,0.02,Potential
Large Parcel,3-4 Weeks,422,667,281474,213652,0.2409529832240278,Y,0.06,Potential
Large Parcel,2-3 Weeks,188,81,15228,11595,0.2385736800630417,Y,0.04,Potential
Small Parcel,72 Hours,785,646,507110,451173,0.1103054564098519,N,0.0,Potential
Large Parcel,2-3 Weeks,75,1815,136125,109304,0.1970321395775941,Y,0.07,Potential
Small Parcel,Less Than 1 Week,275,1959,538725,500281,0.0713610840410227,N,0.0,Potential
Small Parcel,3-4 Weeks,93,161,14973,12507,0.1646964536165097,Y,0.03,Potential
Large Parcel,1-2 Weeks,847,958,811426,618728,0.2374806821570913,Y,0.03,Potential
Small Parcel,Less Than 1 Week,964,1713,1651332,1422272,0.138712263796741,Y,0.03,Potential
Small Parcel,2-3 Weeks,1840,852,1567680,1478451,0.0569178658909981,N,0.0,Potential
Large Parcel,2-3 Weeks,1399,2602,3640198,2903884,0.2022730631685419,N,0.0,Potential
Small Parcel,2-3 Weeks,88,1518,133584,119452,0.1057911127081087,N,0.0,Potential
Small Parcel,1-2 Weeks,954,351,334854,259806,0.2241215574548908,Y,0.06,Potential
Small Parcel,1-2 Weeks,124,451,55924,46644,0.1659394893069165,Y,0.09,Potential
Large Parcel,2-3 Weeks,1144,2552,2919488,2458543,0.1578855607558585,N,0.0,Potential
Small Parcel,24 Hours,2332,413,963116,774678,0.1956545213660659,N,0.0,Potential
Large Parcel,24 Hours,1414,3681,5204934,3971601,0.2369545896259203,Y,0.03,Potential
Large Parcel,1-2 Weeks,398,881,350638,326092,0.0700038216051882,N,0.0,Potential
Large Parcel,72 Hours,75,3810,285750,248731,0.1295503062117235,N,0.0,Potential
Large Parcel,24 Hours,922,420,387240,305858,0.2101590744757773,N,0.0,Potential
Large Parcel,48 Hours,648,92,59616,50495,0.1529958400429415,N,0.0,Potential
Large Parcel,3-4 Weeks,489,826,403914,349350,0.1350881623315854,Y,0.03,Potential
Large Parcel,1-2 Weeks,75,1170,87750,81848,0.0672592592592592,N,0.0,Potential
Small Parcel,Less Than 1 Week,218,2479,540422,503290,0.0687092679424597,N,0.0,Potential
Large Parcel,3-4 Weeks,123,2208,271584,214842,0.208929833863556,N,0.0,Potential
Large Parcel,2-3 Weeks,1574,429,675246,558233,0.1732894382195526,Y,0.13,Potential
Large Parcel,2-3 Weeks,2761,702,1938222,1455986,0.2488032846598583,N,0.0,Potential
Large Parcel,2-3 Weeks,725,1459,1057775,889827,0.1587747866984944,Y,0.0,Potential
Small Parcel,2-3 Weeks,711,394,280134,225985,0.1932967793984307,Y,0.04,Potential
Small Parcel,72 Hours,1669,1397,2331593,2143263,0.0807731023381868,Y,0.03,Potential
Large Parcel,1-2 Weeks,796,627,499092,429671,0.1390945957859472,Y,0.01,Potential
Small Parcel,48 Hours,2725,56,152600,130952,0.1418610747051114,N,0.0,Potential
Small Parcel,2-3 Weeks,1243,150,186450,166143,0.1089139179404666,N,0.0,Potential
Small Parcel,3-4 Weeks,696,667,464232,349776,0.2465491392234917,Y,0.03,Potential
Small Parcel,Less Than 1 Week,200,50,10000,8981,0.1019,N,0.0,Potential
Small Parcel,Less Than 1 Week,168,496,83328,77459,0.0704325076804915,N,0.0,Potential
Large Parcel,24 Hours,331,163,53953,46075,0.1460159768687561,N,0.0,Potential
Large Parcel,48 Hours,75,410,30750,23142,0.2474146341463414,N,0.0,Potential
Small Parcel,Less Than 1 Week,75,208,15600,12111,0.2236538461538461,N,0.0,Potential
Large Parcel,72 Hours,785,121,94985,89656,0.0561035953045217,N,0.0,Potential
Small Parcel,3-4 Weeks,1228,83,101924,86051,0.1557336839213531,Y,0.04,Potential
Large Parcel,2-3 Weeks,116,1038,120408,99779,0.171325825526543,Y,0.42,Potential
Small Parcel,72 Hours,1046,2055,2149530,1661317,0.2271254646364554,Y,0.09,Potential
Small Parcel,2-3 Weeks,2473,198,489654,428177,0.1255519203355839,Y,0.04,Potential
Small Parcel,24 Hours,2510,1006,2525060,2248730,0.1094350233261783,Y,0.04,Potential
Large Parcel,Less Than 1 Week,4252,793,3371836,3037748,0.0990819245064113,N,0.0,Potential
Small Parcel,3-4 Weeks,1948,50,97400,81187,0.1664579055441478,N,0.0,Potential
Large Parcel,1-2 Weeks,75,1452,108900,96712,0.1119191919191919,Y,0.03,Potential
Small Parcel,72 Hours,428,2684,1148752,1077406,0.0621074000306419,Y,0.02,Potential
Small Parcel,2-3 Weeks,118,307,36226,28548,0.2119472202285651,N,0.0,Potential
Small Parcel,3-4 Weeks,4914,1191,5852574,5407429,0.0760596961268665,N,0.0,Potential
Small Parcel,2-3 Weeks,1667,1328,2213776,1957225,0.1158884187018018,N,0.0,Potential
Large Parcel,3-4 Weeks,137,1738,238106,191810,0.1944344115645973,N,0.0,Potential
Small Parcel,1-2 Weeks,637,50,31850,24382,0.2344740973312402,Y,0.11,Potential
Large Parcel,1-2 Weeks,75,2000,150000,126775,0.1548333333333333,N,0.0,Potential
Small Parcel,Less Than 1 Week,5849,3137,18348313,16620774,0.0941524705840804,Y,0.12,Potential
Small Parcel,1-2 Weeks,287,572,164164,142051,0.13470066518847,Y,0.04,Potential
Small Parcel,48 Hours,547,2388,1306236,1020203,0.2189749784878077,Y,0.03,Potential
Small Parcel,Less Than 1 Week,390,535,208650,183599,0.1200623052959501,Y,0.03,Potential
Small Parcel,3-4 Weeks,303,2026,613878,503661,0.1795421891646222,Y,0.01,Potential
Small Parcel,72 Hours,10000,258,2580000,2165539,0.1606437984496124,N,0.0,Potential
Small Parcel,72 Hours,1073,822,882006,681689,0.2271152350437525,Y,0.03,Potential
Small Parcel,3-4 Weeks,615,50,30750,27608,0.1021788617886178,Y,0.04,Potential
Large Parcel,2-3 Weeks,2302,2980,6859960,5363694,0.2181158490720062,Y,0.03,Potential
Small Parcel,48 Hours,475,218,103550,86943,0.1603766296475132,Y,0.05,Potential
Small Parcel,Less Than 1 Week,1597,437,697889,528104,0.2432836740513176,Y,0.15,Potential
Small Parcel,72 Hours,514,607,311998,295011,0.0544458618324476,N,0.0,Potential
Large Parcel,72 Hours,1938,2089,4048482,3702505,0.0854584508465148,N,0.0,Potential
Large Parcel,24 Hours,1676,550,921800,789162,0.143890214797136,Y,0.08,Potential
Small Parcel,2-3 Weeks,342,849,290358,219996,0.2423284359308164,Y,0.02,Potential
Small Parcel,72 Hours,3490,2348,8194520,6538749,0.2020583267842411,N,0.0,Potential
Small Parcel,3-4 Weeks,75,2621,196575,160534,0.1833447793463054,N,0.0,Potential
Large Parcel,2-3 Weeks,853,851,725903,633915,0.1267221653581814,Y,0.05,Potential
Small Parcel,Less Than 1 Week,3105,435,1350675,1060845,0.2145815980898439,Y,0.09,Potential
Large Parcel,2-3 Weeks,1638,2452,4016376,3461392,0.1381802898931773,Y,0.07,Potential
Small Parcel,24 Hours,2055,108,221940,209208,0.0573668559070018,N,0.0,Potential
Large Parcel,1-2 Weeks,1274,210,267540,231249,0.1356470060551693,Y,0.04,Potential
Large Parcel,Less Than 1 Week,133,1547,205751,187169,0.0903130482962415,N,0.0,Potential
Small Parcel,Less Than 1 Week,218,2195,478510,427702,0.106179599172431,Y,0.22,Potential
Large Parcel,72 Hours,622,1834,1140748,997522,0.1255544607573276,Y,0.06,Potential
Small Parcel,2-3 Weeks,2349,117,274833,235556,0.1429122412519602,N,0.0,Potential
Large Parcel,1-2 Weeks,927,1481,1372887,1117476,0.1860393462826875,Y,0.01,Potential
Small Parcel,72 Hours,659,471,310389,282467,0.0899580848548112,N,0.0,Potential
Small Parcel,Less Than 1 Week,1088,50,54400,49821,0.084172794117647,Y,0.03,Potential
Small Parcel,Less Than 1 Week,1975,2463,4864425,4181676,0.1403555404801184,Y,0.02,Potential
Large Parcel,24 Hours,631,1169,737639,684153,0.0725097235910791,N,0.0,Potential
Small Parcel,Less Than 1 Week,406,1515,615090,461355,0.2499390333121982,N,0.0,Potential
Small Parcel,72 Hours,482,384,185088,141243,0.2368873184647303,Y,0.71,Potential
Small Parcel,48 Hours,798,425,339150,264721,0.2194574671974052,N,0.0,Potential
Large Parcel,Less Than 1 Week,461,50,23050,17777,0.228763557483731,N,0.0,Potential
Small Parcel,48 Hours,1227,741,909207,689856,0.24125529169925,N,0.0,Potential
Small Parcel,3-4 Weeks,3465,1308,4532220,4281590,0.0552996103454819,Y,0.08,Potential
Small Parcel,24 Hours,1133,50,56650,52285,0.0770520741394527,Y,0.07,Potential
Large Parcel,1-2 Weeks,426,467,198942,184458,0.0728051391862955,N,0.0,Potential
Large Parcel,2-3 Weeks,657,1887,1239759,1006020,0.1885358364004617,N,0.0,Potential
Large Parcel,2-3 Weeks,753,50,37650,33279,0.1160956175298804,Y,0.22,Potential
Small Parcel,3-4 Weeks,93,77,7161,6413,0.1044546850998463,Y,0.03,Potential
Small Parcel,72 Hours,214,139,29746,26239,0.1178982048006454,N,0.0,Potential
Small Parcel,3-4 Weeks,214,1483,317362,243732,0.2320063523673281,Y,0.15,Potential
Large Parcel,3-4 Weeks,445,1508,671060,541770,0.192665335439454,Y,0.07,Potential
Small Parcel,Less Than 1 Week,825,492,405900,333646,0.1780093619118009,N,0.0,Potential
Large Parcel,72 Hours,148,121,17908,15271,0.1472526245253518,N,0.0,Potential
Small Parcel,24 Hours,422,174,73428,65170,0.1124639102249823,Y,0.28,Potential
Small Parcel,1-2 Weeks,88,1461,128568,102628,0.2017609358471781,N,0.0,Potential
Large Parcel,3-4 Weeks,175,562,98350,75452,0.2328215556685307,N,0.0,Potential
Small Parcel,2-3 Weeks,818,4347,3555846,3367995,0.0528287782991726,Y,0.06,Potential
Large Parcel,24 Hours,382,1080,412560,319470,0.2256399069226294,Y,0.07,Potential
Large Parcel,1-2 Weeks,118,837,98766,79852,0.191503148856894,Y,0.07,Potential
Small Parcel,Less Than 1 Week,450,2133,959850,894366,0.0682231598687294,Y,0.03,Potential
Large Parcel,72 Hours,3190,2346,7483740,7039477,0.0593637673142038,Y,0.0,Potential
Small Parcel,3-4 Weeks,136,484,65824,53306,0.1901737967914438,N,0.0,Potential
Large Parcel,2-3 Weeks,318,1358,431844,356352,0.1748131269625142,N,0.0,Potential
Large Parcel,3-4 Weeks,1064,240,255360,233835,0.0842927631578947,Y,0.03,Potential
Large Parcel,2-3 Weeks,4766,93,443238,350643,0.2089058248615867,Y,0.09,Potential
Small Parcel,3-4 Weeks,454,1611,731394,613705,0.1609105352245164,Y,0.01,Potential
Small Parcel,3-4 Weeks,1438,143,205634,158597,0.2287413560014394,Y,0.05,Potential
Small Parcel,3-4 Weeks,6652,1200,7982400,6863871,0.1401243986770896,N,0.0,Potential
Small Parcel,1-2 Weeks,1145,2086,2388470,1838971,0.2300631785201405,N,0.0,Potential
Large Parcel,2-3 Weeks,98,1017,99666,93220,0.0646760178997852,N,0.0,Potential
Small Parcel,3-4 Weeks,1224,161,197064,157806,0.199214468396054,N,0.0,Potential
Large Parcel,48 Hours,593,50,29650,24733,0.1658347386172006,N,0.0,Potential
Small Parcel,48 Hours,3213,314,1008882,887374,0.1204382673097547,Y,0.03,Potential
Small Parcel,2-3 Weeks,143,50,7150,6022,0.1577622377622377,N,0.0,Potential
Small Parcel,1-2 Weeks,1783,82,146206,113407,0.2243341586528596,N,0.0,Potential
Small Parcel,2-3 Weeks,1514,1483,2245262,1969396,0.1228658392650835,N,0.0,Potential
Small Parcel,3-4 Weeks,645,6618,4268610,4017311,0.0588713890470199,N,0.0,Potential
Small Parcel,2-3 Weeks,1935,438,847530,766282,0.0958644531756987,Y,0.02,Potential
Large Parcel,72 Hours,1684,300,505200,390424,0.2271892319873317,Y,0.1,Potential
Small Parcel,72 Hours,2603,911,2371333,2059866,0.1313467994583637,N,0.0,Potential
Small Parcel,Less Than 1 Week,1887,1682,3173934,2954945,0.0689960786834256,Y,0.11,Potential
Small Parcel,2-3 Weeks,108,1299,140292,122677,0.125559547230063,Y,0.92,Potential
Large Parcel,1-2 Weeks,1332,1125,1498500,1258403,0.1602248915582249,Y,0.05,Potential
Large Parcel,2-3 Weeks,713,590,420670,392665,0.0665723726436399,N,0.0,Potential
Small Parcel,1-2 Weeks,410,246,100860,84794,0.1592901050961729,Y,0.02,Potential
Small Parcel,24 Hours,1261,50,63050,53173,0.1566534496431403,Y,0.02,Potential
Large Parcel,1-2 Weeks,220,137,30140,28511,0.0540477770404777,Y,0.13,Potential
Large Parcel,24 Hours,2434,77,187418,172667,0.078706420941425,N,0.0,Potential
Small Parcel,24 Hours,356,1497,532932,493306,0.0743547019131896,N,0.0,Potential
Small Parcel,1-2 Weeks,1157,76,87932,66705,0.2414024473456762,N,0.0,Potential
Small Parcel,72 Hours,378,157,59346,52675,0.1124085869308799,N,0.0,Potential
Small Parcel,Less Than 1 Week,351,80,28080,21964,0.2178062678062678,Y,0.2,Potential
Small Parcel,24 Hours,3647,50,182350,158075,0.1331231148889498,Y,0.01,Potential
Small Parcel,24 Hours,75,50,3750,3557,0.0514666666666666,Y,0.01,Potential
Large Parcel,2-3 Weeks,428,489,209292,158932,0.2406207595130248,N,0.0,Potential
Large Parcel,72 Hours,722,355,256310,224434,0.1243650267254496,N,0.0,Potential
Small Parcel,72 Hours,2965,442,1310530,1081283,0.1749269379563993,Y,0.01,Potential
Small Parcel,48 Hours,1363,2167,2953621,2632618,0.1086811747343345,N,0.0,Potential
Small Parcel,1-2 Weeks,364,595,216580,200395,0.0747298919567827,N,0.0,Potential
Large Parcel,48 Hours,890,746,663940,605028,0.0887309094195258,N,0.0,Potential
Large Parcel,Less Than 1 Week,413,1066,440258,348971,0.2073488727064585,Y,0.12,Potential
Small Parcel,Less Than 1 Week,149,1409,209941,185386,0.1169614320213774,N,0.0,Potential
Small Parcel,Less Than 1 Week,1395,293,408735,314838,0.2297258614995045,Y,0.23,Potential
Small Parcel,1-2 Weeks,422,506,213532,189038,0.1147088024277391,N,0.0,Potential
Small Parcel,1-2 Weeks,462,578,267036,236263,0.1152391437858565,N,0.0,Potential
Large Parcel,2-3 Weeks,1019,2080,2119520,1838264,0.1326979693515513,N,0.0,Potential
Large Parcel,24 Hours,1697,443,751771,672679,0.1052075698583744,N,0.0,Potential
Large Parcel,1-2 Weeks,3686,1001,3689686,2904013,0.212937632091186,N,0.0,Potential
Small Parcel,48 Hours,1414,3213,4543182,3998882,0.1198058981568424,N,0.0,Potential
Small Parcel,72 Hours,1116,285,318060,265725,0.1645444255800792,Y,0.09,Potential
Small Parcel,24 Hours,75,807,60525,47761,0.2108880627839735,N,0.0,Potential
Small Parcel,48 Hours,1330,77,102410,89571,0.1253686163460599,N,0.0,Potential
Large Parcel,48 Hours,950,1060,1007000,803048,0.2025342601787487,Y,0.03,Potential
Large Parcel,24 Hours,484,702,339768,312906,0.079059829059829,N,0.0,Potential
Small Parcel,1-2 Weeks,75,187,14025,10590,0.2449197860962567,N,0.0,Potential
Large Parcel,Less Than 1 Week,1901,1305,2480805,2118588,0.1460078482589321,N,0.0,Potential
Large Parcel,2-3 Weeks,1290,677,873330,804225,0.0791281646113153,N,0.0,Potential
Small Parcel,48 Hours,1563,50,78150,67487,0.1364427383237364,N,0.0,Potential
Large Parcel,1-2 Weeks,228,925,210900,164265,0.2211237553342816,N,0.0,Potential
Small Parcel,72 Hours,3837,2355,9036135,7899258,0.1258145213633926,Y,0.03,Potential
Large Parcel,2-3 Weeks,1101,1505,1657005,1456411,0.1210581742360463,Y,0.02,Potential
Small Parcel,48 Hours,540,504,272160,218026,0.1989050558495003,N,0.0,Potential
Large Parcel,2-3 Weeks,75,1048,78600,74046,0.0579389312977099,Y,0.06,Potential
Large Parcel,Less Than 1 Week,75,226,16950,15967,0.0579941002949852,Y,0.01,Potential
Large Parcel,Less Than 1 Week,2681,617,1654177,1500480,0.0929144825493281,N,0.0,Potential
Large Parcel,24 Hours,323,943,304589,235737,0.2260488724149591,N,0.0,Potential
Large Parcel,24 Hours,75,467,35025,31796,0.0921912919343326,N,0.0,Potential
Large Parcel,1-2 Weeks,1762,50,88100,73253,0.1685244040862656,N,0.0,Potential
Large Parcel,72 Hours,598,1189,711022,632457,0.1104958777646824,N,0.0,Potential
Small Parcel,24 Hours,140,50,7000,5554,0.2065714285714285,Y,0.04,Potential
Large Parcel,24 Hours,987,50,49350,43288,0.1228368794326241,N,0.0,Potential
Large Parcel,1-2 Weeks,2987,50,149350,136608,0.0853163709407432,Y,0.01,Potential
Small Parcel,Less Than 1 Week,187,328,61336,56193,0.0838496152341202,N,0.0,Potential
Small Parcel,2-3 Weeks,75,1371,102825,87010,0.1538050085096036,N,0.0,Potential
Large Parcel,3-4 Weeks,75,680,51000,45661,0.1046862745098039,N,0.0,Potential
Small Parcel,2-3 Weeks,1236,252,311472,270233,0.1324003441721888,N,0.0,Potential
Large Parcel,48 Hours,249,768,191232,153424,0.1977074966532797,N,0.0,Potential
Small Parcel,Less Than 1 Week,2215,55,121825,106460,0.1261235378616868,N,0.0,Potential
Small Parcel,1-2 Weeks,233,728,169624,136819,0.1933983398575673,N,0.0,Potential
Small Parcel,Less Than 1 Week,880,94,82720,78317,0.0532277562862669,N,0.0,Potential
Large Parcel,2-3 Weeks,1909,611,1166399,876597,0.2484587178144014,N,0.0,Potential
Small Parcel,48 Hours,626,1089,681714,632738,0.0718424441921392,N,0.0,Potential
Small Parcel,1-2 Weeks,2580,882,2275560,1841164,0.1908963068431507,Y,0.01,Potential
Small Parcel,3-4 Weeks,534,1122,599148,465480,0.2230967974523824,N,0.0,Potential
Small Parcel,2-3 Weeks,4976,705,3508080,2743271,0.2180135572734943,N,0.0,Potential
Large Parcel,3-4 Weeks,577,950,548150,457498,0.1653780899388853,Y,0.04,Potential
Large Parcel,1-2 Weeks,211,133,28063,21294,0.2412072836118733,N,0.0,Potential
Large Parcel,2-3 Weeks,3613,1379,4982327,3742696,0.2488056283740509,N,0.0,Potential
Large Parcel,72 Hours,237,152,36024,29129,0.1914001776593382,Y,0.06,Potential
Small Parcel,1-2 Weeks,1293,846,1093878,892716,0.1838980215343941,N,0.0,Potential
Small Parcel,24 Hours,95,364,34580,32371,0.0638808559861191,Y,0.04,Potential
Small Parcel,2-3 Weeks,391,50,19550,15241,0.2204092071611253,Y,0.01,Potential
Large Parcel,3-4 Weeks,459,2129,977211,751166,0.2313164710589627,Y,0.02,Potential
Small Parcel,3-4 Weeks,1892,50,94600,76020,0.1964059196617336,Y,0.02,Potential
Large Parcel,Less Than 1 Week,1322,670,885740,759791,0.1421963555896764,Y,0.04,Potential
Small Parcel,24 Hours,388,1147,445036,345170,0.2243998238344763,N,0.0,Potential
Large Parcel,48 Hours,2504,1955,4895320,4630403,0.0541163805430492,Y,0.07,Potential
Small Parcel,2-3 Weeks,871,3145,2739295,2584957,0.0563422340419706,Y,0.01,Potential
Small Parcel,72 Hours,1023,248,253704,234768,0.0746381610065272,N,0.0,Potential
Small Parcel,1-2 Weeks,249,1984,494016,442017,0.1052577244461717,Y,0.02,Potential
Large Parcel,2-3 Weeks,896,423,379008,289180,0.2370081898007429,N,0.0,Potential
Small Parcel,Less Than 1 Week,75,356,26700,25119,0.0592134831460674,N,0.0,Potential
Large Parcel,Less Than 1 Week,1151,50,57550,45411,0.2109296264118158,N,0.0,Potential
Large Parcel,Less Than 1 Week,1530,559,855270,783755,0.0836168695265822,N,0.0,Potential
Small Parcel,48 Hours,3653,128,467584,353851,0.2432354400492745,Y,0.03,Potential
Small Parcel,72 Hours,208,216,44928,37914,0.156116452991453,Y,0.13,Potential
Small Parcel,24 Hours,3238,505,1635190,1237873,0.2429791033457885,N,0.0,Potential
Small Parcel,3-4 Weeks,266,50,13300,11020,0.1714285714285714,N,0.0,Potential
Large Parcel,24 Hours,1648,3834,6318432,5643037,0.106892817711736,N,0.0,Potential
Large Parcel,2-3 Weeks,1372,993,1362396,1193921,0.1236608152108491,N,0.0,Potential
Small Parcel,24 Hours,1078,251,270578,229270,0.1526657747488709,Y,0.07,Potential
Small Parcel,3-4 Weeks,1088,1125,1224000,967728,0.2093725490196078,Y,0.05,Potential
Large Parcel,Less Than 1 Week,878,1169,1026382,947852,0.0765114742854025,Y,0.06,Potential
Small Parcel,48 Hours,1716,3128,5367648,4882105,0.0904573101663894,Y,0.1,Potential
Large Parcel,48 Hours,75,111,8325,7649,0.0812012012012012,Y,0.01,Potential
Small Parcel,Less Than 1 Week,332,597,198204,167227,0.1562884704647736,N,0.0,Potential
Large Parcel,3-4 Weeks,738,1039,766782,657345,0.1427224426238487,Y,0.15,Potential
Small Parcel,72 Hours,459,145,66555,59559,0.1051160694162722,N,0.0,Potential
Large Parcel,Less Than 1 Week,75,178,13350,12626,0.0542322097378277,Y,0.04,Potential
Small Parcel,2-3 Weeks,698,3100,2163800,1872336,0.134700064700989,Y,0.01,Potential
Large Parcel,72 Hours,129,225,29025,25668,0.1156589147286821,Y,0.32,Potential
Small Parcel,72 Hours,3108,187,581196,536557,0.0768054150407091,N,0.0,Potential
Large Parcel,48 Hours,1458,1285,1873530,1517401,0.1900844929091074,N,0.0,Potential
Small Parcel,3-4 Weeks,271,317,85907,68437,0.2033594468436798,Y,0.18,Potential
Large Parcel,1-2 Weeks,820,1361,1116020,874832,0.2161144065518539,Y,0.04,Potential
Small Parcel,48 Hours,433,499,216067,185534,0.1413126483914711,Y,0.02,Potential
Large Parcel,72 Hours,1022,2008,2052176,1812513,0.1167848176764566,Y,0.07,Potential
Small Parcel,3-4 Weeks,791,623,492793,434093,0.1191169517424151,Y,0.05,Potential
Small Parcel,72 Hours,244,1189,290116,248756,0.1425636641894966,N,0.0,Potential
Small Parcel,1-2 Weeks,2473,725,1792925,1448491,0.1921073106794762,N,0.0,Potential
Small Parcel,1-2 Weeks,703,1179,828837,758346,0.0850480854498532,N,0.0,Potential
Large Parcel,48 Hours,849,50,42450,33340,0.214605418138987,Y,0.01,Potential
Large Parcel,24 Hours,489,1317,644013,600873,0.0669862254333375,N,0.0,Potential
Large Parcel,2-3 Weeks,2007,1482,2974374,2242620,0.246019498556671,N,0.0,Potential
Large Parcel,48 Hours,279,122,34038,26851,0.2111463658264293,Y,0.03,Potential
Large Parcel,48 Hours,485,305,147925,136979,0.0739969579178637,N,0.0,Potential
Small Parcel,72 Hours,182,3584,652288,599058,0.08160505788854,N,0.0,Potential
Small Parcel,1-2 Weeks,290,1191,345390,281498,0.1849850893193202,N,0.0,Potential
Large Parcel,Less Than 1 Week,1376,560,770560,677196,0.1211638289036544,N,0.0,Potential
Large Parcel,Less Than 1 Week,1159,512,593408,554193,0.0660843803925798,N,0.0,Potential
Large Parcel,72 Hours,1763,185,326155,285833,0.1236283362205086,Y,0.05,Potential
Large Parcel,Less Than 1 Week,2921,2874,8394954,6348127,0.2438163449138613,Y,0.04,Potential
Small Parcel,1-2 Weeks,530,728,385840,295046,0.2353151565415716,N,0.0,Potential
Small Parcel,2-3 Weeks,411,1523,625953,541062,0.1356188084408893,N,0.0,Potential
Small Parcel,72 Hours,1027,50,51350,44114,0.1409152872444011,N,0.0,Potential
Small Parcel,3-4 Weeks,553,614,339542,272012,0.1988855576040666,Y,0.03,Potential
Large Parcel,3-4 Weeks,2489,2383,5931287,5129345,0.1352053947145029,Y,0.1,Potential
Small Parcel,24 Hours,461,2523,1163103,892633,0.232541743938413,N,0.0,Potential
Large Parcel,72 Hours,180,885,159300,134999,0.1525486503452605,N,0.0,Potential
Small Parcel,24 Hours,581,50,29050,27188,0.0640963855421686,Y,0.15,Potential
Small Parcel,2-3 Weeks,692,1169,808948,621959,0.2311508279889436,N,0.0,Potential
Large Parcel,2-3 Weeks,994,675,670950,512725,0.2358223414561442,Y,0.03,Potential
Large Parcel,2-3 Weeks,343,6232,2137576,1961336,0.0824485304849979,Y,0.11,Potential
Large Parcel,72 Hours,1435,73,104755,98277,0.061839530332681,Y,0.0,Potential
Large Parcel,2-3 Weeks,748,1353,1012044,779974,0.2293082118959254,Y,0.11,Potential
Large Parcel,48 Hours,270,50,13500,11059,0.1808148148148148,N,0.0,Potential
Large Parcel,3-4 Weeks,3170,1251,3965670,3034728,0.2347502439688627,Y,0.02,Potential
Large Parcel,24 Hours,75,1673,125475,94425,0.2474596533173939,N,0.0,Potential
Large Parcel,24 Hours,2519,1171,2949749,2400654,0.1861497368081148,Y,0.02,Potential
Small Parcel,2-3 Weeks,381,490,186690,144609,0.225405752852322,N,0.0,Potential
Small Parcel,Less Than 1 Week,1440,133,191520,164516,0.1409983291562239,Y,0.01,Potential
Large Parcel,2-3 Weeks,429,50,21450,18874,0.1200932400932401,N,0.0,Potential
Small Parcel,24 Hours,424,591,250584,228909,0.0864979408102672,Y,0.06,Potential
Large Parcel,48 Hours,780,1082,843960,660374,0.2175292667898952,Y,0.03,Potential
Large Parcel,2-3 Weeks,114,1419,161766,144409,0.1072969598061397,Y,0.81,Potential
Small Parcel,3-4 Weeks,457,66,30162,24572,0.1853325376301306,N,0.0,Potential
Large Parcel,1-2 Weeks,428,909,389052,318351,0.1817263502051139,Y,0.21,Potential
Large Parcel,24 Hours,164,269,44116,39533,0.1038852117145706,N,0.0,Potential
Small Parcel,24 Hours,75,260,19500,15308,0.214974358974359,Y,0.13,Potential
Large Parcel,24 Hours,796,494,393224,355062,0.097049010233353,Y,0.03,Potential
Small Parcel,24 Hours,1590,990,1574100,1263903,0.1970630836668572,Y,0.16,Potential
Large Parcel,72 Hours,227,71,16117,13801,0.1436991996029037,N,0.0,Potential
Large Parcel,2-3 Weeks,415,590,244850,220083,0.1011517255462528,Y,0.08,Potential
Large Parcel,Less Than 1 Week,3061,1852,5668972,4883050,0.1386357173752137,Y,0.02,Potential
Small Parcel,1-2 Weeks,1464,451,660264,520169,0.2121802794033901,N,0.0,Potential
Large Parcel,1-2 Weeks,210,1057,221970,210325,0.0524620444204171,Y,0.01,Potential
Large Parcel,1-2 Weeks,284,69,19596,15153,0.2267299448867115,N,0.0,Potential
Large Parcel,Less Than 1 Week,402,2208,887616,819622,0.0766029454178383,Y,0.09,Potential
Small Parcel,1-2 Weeks,2111,917,1935787,1779195,0.080893197443727,N,0.0,Potential
Large Parcel,48 Hours,521,1498,780458,675929,0.1339328958124588,Y,0.05,Potential
Small Parcel,3-4 Weeks,1763,1514,2669182,2170590,0.1867958048570685,Y,0.0,Potential
Small Parcel,48 Hours,528,1379,728112,642943,0.1169723888632518,N,0.0,Potential
Small Parcel,72 Hours,1801,1397,2515997,2274360,0.0960402575996712,Y,0.06,Potential
Small Parcel,2-3 Weeks,130,180,23400,21370,0.0867521367521367,N,0.0,Potential
Large Parcel,2-3 Weeks,2926,1129,3303454,2670708,0.1915407328208596,Y,0.03,Potential
Large Parcel,1-2 Weeks,741,326,241566,228787,0.0529006565493488,Y,0.03,Potential
Small Parcel,72 Hours,594,214,127116,107441,0.1547798860882973,N,0.0,Potential
Small Parcel,2-3 Weeks,466,1885,878410,744261,0.1527179790758302,N,0.0,Potential
Small Parcel,1-2 Weeks,1159,117,135603,104535,0.2291099754430211,N,0.0,Potential
Small Parcel,Less Than 1 Week,867,785,680595,543735,0.2010887532232825,N,0.0,Potential
Large Parcel,24 Hours,87,624,54288,46346,0.1462938402593575,N,0.0,Potential
Small Parcel,72 Hours,415,1497,621255,563915,0.0922970438869707,Y,0.02,Potential
Small Parcel,3-4 Weeks,827,2292,1895484,1570359,0.171526111536684,Y,0.06,Potential
Large Parcel,48 Hours,547,265,144955,115069,0.2061743299644717,Y,0.35,Potential
Small Parcel,24 Hours,700,716,501200,469088,0.0640702314445331,Y,0.08,Potential
Large Parcel,1-2 Weeks,536,402,215472,198813,0.0773139897527288,Y,0.02,Potential
Large Parcel,1-2 Weeks,717,721,516957,416705,0.193927154482868,Y,0.04,Potential
Small Parcel,2-3 Weeks,888,164,145632,137361,0.0567938365194462,N,0.0,Potential
Large Parcel,2-3 Weeks,467,518,241906,184410,0.237679098492803,Y,0.01,Potential
Small Parcel,3-4 Weeks,75,351,26325,23609,0.1031718898385565,N,0.0,Potential
Small Parcel,2-3 Weeks,191,315,60165,54070,0.1013047452838028,Y,0.09,Potential
Small Parcel,1-2 Weeks,1074,400,429600,379816,0.1158845437616387,N,0.0,Potential
Large Parcel,24 Hours,315,1643,517545,468321,0.095110570095354,N,0.0,Potential
Large Parcel,1-2 Weeks,75,54,4050,3285,0.1888888888888888,N,0.0,Potential
Small Parcel,Less Than 1 Week,2273,1265,2875345,2198454,0.235412098374282,N,0.0,Potential
Large Parcel,Less Than 1 Week,75,1121,84075,71577,0.1486529884032114,Y,0.7,Potential
Small Parcel,1-2 Weeks,2978,675,2010150,1709391,0.1496201775986866,Y,0.01,Potential
Large Parcel,72 Hours,152,780,118560,95578,0.1938427800269905,N,0.0,Potential
Large Parcel,72 Hours,1833,302,553566,466921,0.1565215349208585,Y,0.09,Potential
Large Parcel,3-4 Weeks,193,1030,198790,162079,0.1846722672166608,N,0.0,Potential
Large Parcel,3-4 Weeks,220,2647,582340,450291,0.2267558470996325,Y,0.12,Potential
Small Parcel,3-4 Weeks,303,57,17271,16358,0.0528631810549476,N,0.0,Potential
Large Parcel,Less Than 1 Week,161,1038,167118,143822,0.1393985088380665,N,0.0,Potential
Small Parcel,2-3 Weeks,789,499,393711,360933,0.0832539603922674,N,0.0,Potential
Large Parcel,2-3 Weeks,346,501,173346,135177,0.220189678446575,N,0.0,Potential
Large Parcel,24 Hours,2158,1010,2179580,2052729,0.0581997449049816,Y,0.24,Potential
Large Parcel,24 Hours,142,1459,207178,181310,0.124858817055865,N,0.0,Potential
Small Parcel,1-2 Weeks,244,982,239608,223169,0.0686078928917231,N,0.0,Potential
Small Parcel,24 Hours,4759,922,4387798,3449972,0.2137349987396867,Y,0.17,Potential
Small Parcel,3-4 Weeks,836,1161,970596,866278,0.107478291688818,Y,0.14,Potential
Large Parcel,48 Hours,171,612,104652,88053,0.1586113977754844,Y,0.02,Potential
Large Parcel,Less Than 1 Week,204,2102,428808,367793,0.1422897893696013,Y,0.24,Potential
Small Parcel,3-4 Weeks,368,1745,642160,513417,0.2004843029774511,N,0.0,Potential
Large Parcel,3-4 Weeks,467,1503,701901,578053,0.1764465359074855,N,0.0,Potential
Large Parcel,72 Hours,1588,394,625672,503323,0.1955481466327404,Y,0.03,Potential
Large Parcel,48 Hours,179,511,91469,81634,0.107522767276345,Y,0.14,Potential
Small Parcel,72 Hours,841,1274,1071434,910028,0.1506448367328272,N,0.0,Potential
Large Parcel,24 Hours,715,885,632775,579395,0.0843585792738335,Y,0.04,Potential
Small Parcel,3-4 Weeks,1330,298,396340,333313,0.1590225563909774,Y,0.02,Potential
Small Parcel,24 Hours,345,2076,716220,613548,0.1433526011560693,Y,0.02,Potential
Small Parcel,2-3 Weeks,1816,50,90800,69956,0.2295594713656387,Y,0.06,Potential
Large Parcel,24 Hours,1316,1621,2133236,1836487,0.139107440526974,N,0.0,Potential
Large Parcel,3-4 Weeks,2508,287,719796,562276,0.2188397823827862,Y,0.07,Potential
Small Parcel,24 Hours,663,255,169065,137853,0.1846153846153846,N,0.0,Potential
Small Parcel,Less Than 1 Week,2943,159,467937,357533,0.2359377437561039,Y,0.01,Potential
Small Parcel,24 Hours,1740,877,1525980,1441537,0.0553368982555472,Y,0.04,Potential
Small Parcel,24 Hours,1884,265,499260,438736,0.1212274165765332,Y,0.07,Potential
Small Parcel,48 Hours,612,82,50184,40651,0.1899609437270843,N,0.0,Potential
Small Parcel,24 Hours,599,975,584025,458527,0.2148846367878087,Y,0.06,Potential
Large Parcel,3-4 Weeks,1748,2492,4356016,3907532,0.1029573812401056,Y,0.1,Potential
Small Parcel,48 Hours,481,294,141414,127699,0.0969847398418827,N,0.0,Potential
Small Parcel,1-2 Weeks,848,3378,2864544,2527884,0.1175265592010456,N,0.0,Potential
Small Parcel,1-2 Weeks,573,203,116319,93798,0.1936141129136254,N,0.0,Potential
Large Parcel,Less Than 1 Week,657,510,335070,304968,0.0898379443101441,Y,0.02,Potential
Small Parcel,24 Hours,1614,1279,2064306,1626489,0.2120891960784883,Y,0.01,Potential
Small Parcel,48 Hours,785,235,184475,153143,0.1698441523241631,Y,0.03,Potential
Large Parcel,48 Hours,381,2442,930402,714564,0.2319835941883186,N,0.0,Potential
Large Parcel,48 Hours,846,723,611658,487782,0.202524940407875,Y,0.07,Potential
Small Parcel,24 Hours,93,766,71238,67370,0.0542968640332406,Y,0.13,Potential
Small Parcel,72 Hours,783,2247,1759401,1527143,0.1320097010289297,N,0.0,Potential
Large Parcel,1-2 Weeks,519,4170,2164230,1831807,0.1535987395055054,Y,0.05,Potential
Small Parcel,48 Hours,1006,1405,1413430,1116983,0.2097358907055885,Y,0.01,Potential
Small Parcel,48 Hours,136,1213,164968,154471,0.0636305222831094,Y,0.06,Potential
Small Parcel,3-4 Weeks,243,3549,862407,653686,0.242021458545675,Y,0.03,Potential
Small Parcel,2-3 Weeks,740,539,398860,312765,0.2158526801383944,N,0.0,Potential
Small Parcel,2-3 Weeks,139,302,41978,37340,0.1104864452808614,Y,0.02,Potential
Large Parcel,72 Hours,509,150,76350,57421,0.2479240340537,N,0.0,Potential
Small Parcel,2-3 Weeks,394,3156,1243464,994762,0.2000073986862506,N,0.0,Potential
Small Parcel,1-2 Weeks,465,517,240405,191669,0.2027245689565525,N,0.0,Potential
Small Parcel,48 Hours,327,120,39240,35420,0.0973496432212028,N,0.0,Potential
Small Parcel,48 Hours,583,184,107272,87536,0.1839809083451413,N,0.0,Potential
Large Parcel,3-4 Weeks,75,1836,137700,113116,0.1785330428467683,Y,0.14,Potential
Small Parcel,48 Hours,488,1779,868152,762138,0.1221145605838608,N,0.0,Potential
Small Parcel,2-3 Weeks,824,834,687216,555966,0.1909879863099811,Y,0.18,Potential
Large Parcel,3-4 Weeks,268,2867,768356,617426,0.1964323829058405,Y,0.03,Potential
Large Parcel,72 Hours,1111,1653,1836483,1464902,0.2023329374679754,Y,0.02,Potential
Small Parcel,3-4 Weeks,463,50,23150,18448,0.2031101511879049,Y,0.11,Potential
Large Parcel,3-4 Weeks,1024,3145,3220480,2566381,0.2031060587241653,Y,0.03,Potential
Small Parcel,2-3 Weeks,394,514,202516,157472,0.2224219320942543,N,0.0,Potential
Small Parcel,72 Hours,120,175,21000,18449,0.1214761904761904,Y,0.04,Potential
Small Parcel,Less Than 1 Week,1078,206,222068,205651,0.0739278058972927,Y,0.14,Potential
Small Parcel,1-2 Weeks,125,429,53625,43899,0.1813706293706293,N,0.0,Potential
Small Parcel,24 Hours,1546,3014,4659644,3860998,0.171396355601415,N,0.0,Potential
Large Parcel,1-2 Weeks,296,1724,510304,408513,0.1994712955414811,N,0.0,Potential
Large Parcel,72 Hours,759,108,81972,73060,0.1087200507490362,N,0.0,Potential
Small Parcel,Less Than 1 Week,1684,476,801584,663214,0.1726207109922354,Y,0.02,Potential
Large Parcel,24 Hours,3181,2277,7243137,6562310,0.0939961511151867,N,0.0,Potential
Large Parcel,24 Hours,297,104,30888,25299,0.1809440559440559,Y,0.06,Potential
Large Parcel,48 Hours,3600,1035,3726000,3142229,0.1566749865807837,N,0.0,Potential
Small Parcel,72 Hours,1171,809,947339,760154,0.1975903029432969,N,0.0,Potential
Large Parcel,Less Than 1 Week,1091,1003,1094273,943011,0.1382305877966467,N,0.0,Potential
Small Parcel,2-3 Weeks,3931,628,2468668,2210181,0.104707072802013,Y,0.04,Potential
Large Parcel,1-2 Weeks,820,1328,1088960,882079,0.1899803482221569,N,0.0,Potential
Small Parcel,3-4 Weeks,180,1307,235260,221510,0.0584459746663266,Y,0.04,Potential
Small Parcel,1-2 Weeks,1381,50,69050,62342,0.0971469949312092,Y,0.04,Potential
Small Parcel,48 Hours,1073,117,125541,99463,0.207724966345656,Y,0.1,Potential
Small Parcel,1-2 Weeks,739,1872,1383408,1287234,0.0695196211096075,N,0.0,Potential
Large Parcel,Less Than 1 Week,597,631,376707,357728,0.0503813308486436,N,0.0,Potential
Small Parcel,1-2 Weeks,2101,1065,2237565,2104569,0.0594378263871664,Y,0.03,Potential
Small Parcel,48 Hours,75,1527,114525,98744,0.1377952412137087,N,0.0,Potential
Small Parcel,3-4 Weeks,3598,1246,4483108,3859763,0.1390430478141503,Y,0.02,Potential
Large Parcel,3-4 Weeks,586,655,383830,363997,0.05167131282078,Y,0.06,Potential
Large Parcel,1-2 Weeks,267,436,116412,87540,0.2480156684877847,Y,0.11,Potential
Large Parcel,Less Than 1 Week,992,529,524768,433931,0.1730993505701567,Y,0.05,Potential
Small Parcel,2-3 Weeks,1203,670,806010,670356,0.1683031227900398,N,0.0,Potential
Small Parcel,1-2 Weeks,1096,233,255368,202183,0.2082680680429811,Y,0.14,Potential
Large Parcel,2-3 Weeks,1071,2445,2618595,2165751,0.1729339588596174,N,0.0,Potential
Large Parcel,2-3 Weeks,592,569,336848,279685,0.1696996865054861,Y,0.04,Potential
Large Parcel,Less Than 1 Week,120,308,36960,32104,0.1313852813852813,N,0.0,Potential
Small Parcel,48 Hours,110,878,96580,89578,0.0724994822944709,Y,0.01,Potential
Small Parcel,3-4 Weeks,1499,219,328281,277987,0.1532041147675314,Y,0.03,Potential
Large Parcel,Less Than 1 Week,365,587,214255,165655,0.2268325126601479,Y,0.01,Potential
Small Parcel,72 Hours,1295,1758,2276610,2034227,0.1064666324051989,Y,0.02,Potential
Small Parcel,48 Hours,139,1096,152344,143618,0.0572782649792574,N,0.0,Potential
Small Parcel,24 Hours,393,50,19650,14757,0.2490076335877862,N,0.0,Potential
Small Parcel,1-2 Weeks,1668,1938,3232584,2475592,0.2341755078909009,N,0.0,Potential
Small Parcel,Less Than 1 Week,1145,106,121370,101245,0.1658152756035264,Y,0.09,Potential
Small Parcel,48 Hours,577,1415,816455,626650,0.2324745393193746,Y,0.16,Potential
Small Parcel,72 Hours,1222,1109,1355198,1209132,0.1077820362780936,Y,0.03,Potential
Small Parcel,48 Hours,141,1014,142974,117738,0.1765076167694825,Y,0.02,Potential
Small Parcel,Less Than 1 Week,824,50,41200,35745,0.1324029126213592,Y,0.05,Potential
Small Parcel,72 Hours,671,707,474397,424677,0.1048067336007605,Y,0.05,Potential
Large Parcel,2-3 Weeks,2938,1605,4715490,4471363,0.0517712899401758,Y,0.06,Potential
Small Parcel,24 Hours,1293,1837,2375241,2153401,0.0933968384681807,N,0.0,Potential
Large Parcel,Less Than 1 Week,209,685,143165,115095,0.1960674745922536,N,0.0,Potential
Small Parcel,24 Hours,202,341,68882,59113,0.1418222467408031,N,0.0,Potential
Large Parcel,48 Hours,783,1170,916110,838081,0.0851742694654572,Y,0.49,Potential
Large Parcel,1-2 Weeks,744,2202,1638288,1303046,0.204629466858086,N,0.0,Potential
Small Parcel,48 Hours,1730,469,811370,674310,0.1689241653006643,N,0.0,Potential
Large Parcel,1-2 Weeks,220,136,29920,24539,0.1798462566844919,N,0.0,Potential
Small Parcel,48 Hours,627,1915,1200705,1024836,0.1464714480242857,N,0.0,Potential
Small Parcel,3-4 Weeks,2204,1917,4225068,3208586,0.2405835835068216,Y,0.02,Potential
Small Parcel,24 Hours,2546,1680,4277280,3731440,0.127613810646018,N,0.0,Potential
Large Parcel,3-4 Weeks,1796,748,1343408,1194332,0.1109685218489096,N,0.0,Potential
Small Parcel,48 Hours,375,980,367500,283799,0.2277578231292517,Y,0.05,Potential
Small Parcel,1-2 Weeks,80,1494,119520,93643,0.2165076974564926,N,0.0,Potential
Large Parcel,48 Hours,657,536,352152,318557,0.0953991458233944,Y,0.03,Potential
Large Parcel,1-2 Weeks,594,258,153252,140031,0.0862696734789758,Y,0.04,Potential
Small Parcel,3-4 Weeks,359,250,89750,76524,0.1473649025069638,Y,0.08,Potential
Small Parcel,Less Than 1 Week,619,1673,1035587,867939,0.1618869298282037,Y,0.01,Potential
Large Parcel,2-3 Weeks,931,68,63308,50442,0.2032286598850066,Y,0.03,Potential
Large Parcel,24 Hours,304,873,265392,243241,0.0834652137215892,Y,0.23,Potential
Small Parcel,72 Hours,998,1681,1677638,1528111,0.0891294784691333,Y,0.01,Potential
Large Parcel,2-3 Weeks,779,843,656697,535778,0.1841321035424252,Y,0.05,Potential
Large Parcel,72 Hours,1170,2421,2832570,2667514,0.0582707576511789,Y,0.04,Potential
Small Parcel,2-3 Weeks,1014,2572,2608008,2130294,0.1831719841350179,N,0.0,Potential
Large Parcel,24 Hours,678,1072,726816,583000,0.1978712631532602,Y,0.03,Potential
Small Parcel,2-3 Weeks,354,2152,761808,702334,0.0780695398315586,N,0.0,Potential
Large Parcel,24 Hours,242,694,167948,152966,0.0892061828661252,Y,0.01,Potential
Small Parcel,Less Than 1 Week,175,292,51100,39332,0.230293542074364,Y,0.04,Potential
Small Parcel,72 Hours,994,3424,3403456,3120674,0.0830867212621523,Y,0.11,Potential
Large Parcel,Less Than 1 Week,168,473,79464,72035,0.0934888754656196,N,0.0,Potential
Large Parcel,24 Hours,1432,468,670176,559591,0.1650088931862675,Y,0.02,Potential
Large Parcel,72 Hours,328,1522,499216,380716,0.2373721996089869,Y,0.01,Potential
Small Parcel,72 Hours,279,1016,283464,254734,0.101353258262072,Y,0.06,Potential
Large Parcel,48 Hours,102,787,80274,75263,0.0624236988315021,N,0.0,Potential
Small Parcel,48 Hours,223,198,44154,34275,0.2237396385378448,N,0.0,Potential
Small Parcel,72 Hours,761,538,409418,350152,0.1447567034180226,Y,0.05,Potential
Large Parcel,1-2 Weeks,349,228,79572,75052,0.0568039008696526,Y,0.0,Potential
Large Parcel,24 Hours,190,2580,490200,373509,0.238047735618115,Y,0.01,Potential
Large Parcel,1-2 Weeks,586,899,526814,416302,0.2097742277160439,N,0.0,Potential
Large Parcel,48 Hours,1751,1475,2582725,2036355,0.2115478806299548,Y,0.11,Potential
Small Parcel,2-3 Weeks,1310,303,396930,332655,0.1619303151689214,N,0.0,Potential
Small Parcel,3-4 Weeks,102,50,5100,4065,0.2029411764705882,Y,0.02,Potential
Small Parcel,3-4 Weeks,786,551,433086,367028,0.1525285970915707,N,0.0,Potential
Large Parcel,24 Hours,873,900,785700,728385,0.0729476899579992,N,0.0,Potential
Small Parcel,72 Hours,741,1841,1364181,1046485,0.2328840527759879,N,0.0,Potential
Large Parcel,1-2 Weeks,101,398,40198,37522,0.0665704761430917,N,0.0,Potential
Large Parcel,1-2 Weeks,1019,1816,1850504,1494904,0.192163864547172,Y,0.03,Potential
Small Parcel,1-2 Weeks,3214,1923,6180522,4756055,0.2304768108583708,Y,0.02,Potential
Small Parcel,48 Hours,75,591,44325,33542,0.2432712915961647,Y,0.03,Potential
Small Parcel,72 Hours,1078,50,53900,51159,0.0508534322820037,Y,0.05,Potential
Large Parcel,Less Than 1 Week,1676,1078,1806728,1466499,0.1883122417984334,N,0.0,Potential
Small Parcel,1-2 Weeks,520,268,139360,116679,0.1627511481056257,N,0.0,Potential
Large Parcel,3-4 Weeks,1716,621,1065636,964914,0.0945182032138553,N,0.0,Potential
Large Parcel,Less Than 1 Week,636,2078,1321608,1067695,0.1921242910151875,N,0.0,Potential
Large Parcel,2-3 Weeks,601,4719,2836119,2473146,0.1279822884723807,Y,0.02,Potential
Large Parcel,3-4 Weeks,2695,1423,3834985,3292492,0.1414589626817314,N,0.0,Potential
Small Parcel,2-3 Weeks,1066,1385,1476410,1262526,0.1448676180735703,Y,0.21,Potential
Small Parcel,72 Hours,426,647,275622,207401,0.2475165262569751,N,0.0,Potential
Small Parcel,48 Hours,661,1243,821623,698663,0.1496550120919205,Y,0.03,Potential
Large Parcel,24 Hours,1454,2761,4014494,3597662,0.1038317655973579,Y,0.06,Potential
Large Parcel,3-4 Weeks,1908,2879,5493132,4435052,0.1926187100546646,N,0.0,Potential
Small Parcel,Less Than 1 Week,206,1521,313326,281241,0.1024013327971505,N,0.0,Potential
Large Parcel,72 Hours,605,1095,662475,522347,0.2115219442243103,Y,0.13,Potential
Small Parcel,48 Hours,1007,672,676704,607323,0.1025278408284863,Y,0.17,Potential
Small Parcel,Less Than 1 Week,630,149,93870,74256,0.2089485458612975,Y,0.07,Potential
Large Parcel,1-2 Weeks,2144,646,1385024,1141497,0.1758287221015664,N,0.0,Potential
Large Parcel,3-4 Weeks,127,2637,334899,268766,0.1974714764749969,N,0.0,Potential
Small Parcel,72 Hours,729,362,263898,219357,0.1687811199781733,Y,0.02,Potential
Large Parcel,24 Hours,233,2222,517726,437759,0.1544581496776287,Y,0.03,Potential
Small Parcel,48 Hours,643,50,32150,26869,0.1642612752721617,Y,0.01,Potential
Large Parcel,2-3 Weeks,630,50,31500,25190,0.2003174603174603,Y,0.02,Potential
Small Parcel,3-4 Weeks,380,650,247000,231095,0.0643927125506072,N,0.0,Potential
Small Parcel,3-4 Weeks,761,782,595102,518751,0.1282990142866265,N,0.0,Potential
Small Parcel,Less Than 1 Week,1433,868,1243844,982455,0.210146127649448,N,0.0,Potential
Small Parcel,72 Hours,1778,1046,1859788,1633494,0.1216773094567768,Y,0.07,Potential
Large Parcel,Less Than 1 Week,125,554,69250,56781,0.1800577617328519,N,0.0,Potential
Small Parcel,3-4 Weeks,349,174,60726,51134,0.1579554062510292,Y,0.07,Potential
Large Parcel,1-2 Weeks,1463,704,1029952,789882,0.233088532281116,Y,0.09,Potential
Large Parcel,3-4 Weeks,307,50,15350,12530,0.1837133550488599,Y,0.04,Potential
Small Parcel,2-3 Weeks,1858,712,1322896,1036225,0.2166995742673649,Y,0.0,Potential
Small Parcel,Less Than 1 Week,1801,344,619544,477552,0.2291879188564492,Y,0.01,Potential
Small Parcel,48 Hours,146,2324,339304,309472,0.0879211562492632,N,0.0,Potential
Small Parcel,2-3 Weeks,1008,213,214704,174269,0.1883290483642596,N,0.0,Potential
Large Parcel,1-2 Weeks,2917,3135,9144795,7764231,0.1509671895324061,N,0.0,Potential
Small Parcel,72 Hours,347,284,98548,85987,0.1274607297966473,Y,0.07,Potential
Large Parcel,1-2 Weeks,1939,2291,4442249,3757575,0.1541277852727301,Y,0.08,Potential
Large Parcel,48 Hours,1400,73,102200,97038,0.0505088062622309,Y,0.03,Potential
Small Parcel,48 Hours,346,2736,946656,745035,0.2129823293783592,N,0.0,Potential
Large Parcel,1-2 Weeks,176,2178,383328,353529,0.0777376033057851,N,0.0,Potential
Large Parcel,Less Than 1 Week,2053,380,780140,717432,0.0803804445355961,N,0.0,Potential
Small Parcel,72 Hours,164,492,80688,71366,0.1155314297045409,N,0.0,Potential
Large Parcel,24 Hours,1087,1703,1851161,1498533,0.190490184268143,Y,0.04,Potential
Large Parcel,Less Than 1 Week,75,618,46350,39681,0.143883495145631,Y,0.32,Potential
Small Parcel,2-3 Weeks,322,1454,468188,364783,0.2208621323058258,Y,0.06,Potential
Small Parcel,2-3 Weeks,196,567,111132,100864,0.0923946298095958,Y,0.02,Potential
Small Parcel,1-2 Weeks,2833,462,1308846,990969,0.2428681449154446,Y,0.04,Potential
Large Parcel,Less Than 1 Week,75,1352,101400,82271,0.1886489151873767,N,0.0,Potential
Large Parcel,2-3 Weeks,500,1004,502000,387327,0.2284322709163346,Y,0.17,Potential
Small Parcel,2-3 Weeks,500,488,244000,200673,0.1775696721311475,Y,0.04,Potential
Small Parcel,72 Hours,899,1067,959233,748196,0.2200059839475914,Y,0.17,Potential
Large Parcel,2-3 Weeks,1196,541,647036,543680,0.1597376343820127,Y,0.09,Potential
Small Parcel,24 Hours,392,50,19600,17248,0.12,Y,0.09,Potential
Large Parcel,Less Than 1 Week,135,543,73305,64427,0.1211104290293977,Y,0.05,Potential
Large Parcel,24 Hours,2562,679,1739598,1331758,0.234444969469958,Y,0.02,Potential
Small Parcel,2-3 Weeks,856,1755,1502280,1236766,0.176740687488351,Y,0.03,Potential
Small Parcel,72 Hours,1275,50,63750,56806,0.1089254901960784,Y,0.15,Potential
Large Parcel,72 Hours,2849,2680,7635320,6344255,0.1690911448374135,Y,0.07,Potential
Large Parcel,24 Hours,553,1870,1034110,952654,0.0787691831623328,N,0.0,Potential
Large Parcel,48 Hours,75,930,69750,63235,0.0934050179211469,N,0.0,Potential
Small Parcel,Less Than 1 Week,1815,739,1341285,1229318,0.0834774115866501,Y,0.26,Potential
Large Parcel,1-2 Weeks,441,2159,952119,870657,0.0855586329019797,Y,0.04,Potential
Small Parcel,48 Hours,2229,2176,4850304,4226945,0.128519573206133,Y,0.12,Potential
Small Parcel,3-4 Weeks,980,50,49000,45140,0.0787755102040816,N,0.0,Potential
Large Parcel,Less Than 1 Week,75,751,56325,45991,0.1834709276520195,N,0.0,Potential
Small Parcel,Less Than 1 Week,172,701,120572,109631,0.0907424609362041,Y,0.06,Potential
Small Parcel,24 Hours,719,1108,796652,702872,0.1177176483583798,Y,0.01,Potential
Small Parcel,Less Than 1 Week,719,435,312765,245996,0.2134797691557559,Y,0.01,Potential
Large Parcel,24 Hours,1365,103,140595,132859,0.0550232938582453,Y,0.03,Potential
Small Parcel,24 Hours,587,430,252410,224599,0.1101818469949685,Y,0.03,Potential
Large Parcel,1-2 Weeks,1822,330,601260,530889,0.1170392176429498,N,0.0,Potential
Large Parcel,3-4 Weeks,2467,548,1351916,1172560,0.1326680060003728,Y,0.06,Potential
Large Parcel,Less Than 1 Week,537,504,270648,215890,0.2023218350033992,N,0.0,Potential
Small Parcel,2-3 Weeks,1898,3433,6515834,5462929,0.1615917471194017,N,0.0,Potential
Large Parcel,Less Than 1 Week,284,871,247364,204634,0.1727413851651816,N,0.0,Potential
Small Parcel,1-2 Weeks,764,50,38200,33864,0.1135078534031413,N,0.0,Potential
Small Parcel,Less Than 1 Week,2106,1229,2588274,2298267,0.1120464834866787,N,0.0,Potential
Small Parcel,3-4 Weeks,4908,106,520248,439832,0.1545724346849963,N,0.0,Potential
Large Parcel,2-3 Weeks,3488,73,254624,235255,0.0760690272715847,Y,0.03,Potential
Small Parcel,Less Than 1 Week,1072,827,886544,709541,0.1996550650616325,N,0.0,Potential
Large Parcel,72 Hours,385,253,97405,90158,0.0744006981161131,N,0.0,Potential
Small Parcel,24 Hours,75,744,55800,44424,0.2038709677419354,N,0.0,Potential
Large Parcel,24 Hours,402,207,83214,71934,0.1355541134905184,N,0.0,Potential
Large Parcel,1-2 Weeks,94,1200,112800,99924,0.1141489361702127,Y,0.09,Potential
Large Parcel,2-3 Weeks,2739,296,810744,671600,0.171625075239533,N,0.0,Potential
Small Parcel,Less Than 1 Week,404,706,285224,254770,0.1067722211314615,N,0.0,Potential
Small Parcel,72 Hours,109,1256,136904,117926,0.1386226845088529,Y,0.15,Potential
Small Parcel,2-3 Weeks,1502,1745,2620990,2027659,0.226376674462703,N,0.0,Potential
Large Parcel,3-4 Weeks,923,744,686712,558356,0.1869138736471766,Y,0.12,Potential
Small Parcel,24 Hours,321,526,168846,141532,0.1617687123177333,Y,0.09,Potential
Small Parcel,1-2 Weeks,196,895,175420,166545,0.0505928628434614,N,0.0,Potential
Small Parcel,Less Than 1 Week,675,831,560925,503502,0.1023719748629495,Y,1.0,Potential
Small Parcel,72 Hours,1002,2167,2171334,1635705,0.2466819936499866,N,0.0,Potential
Large Parcel,48 Hours,1354,2645,3581330,2847330,0.2049517916528217,N,0.0,Potential
Small Parcel,1-2 Weeks,204,299,60996,54538,0.1058757951341071,Y,0.03,Potential
Small Parcel,3-4 Weeks,3096,70,216720,195563,0.0976236618678479,Y,0.08,Potential
Small Parcel,2-3 Weeks,892,347,309524,292203,0.0559601194091572,Y,0.17,Potential
Large Parcel,Less Than 1 Week,818,650,531700,496615,0.0659864585292458,N,0.0,Potential
Large Parcel,24 Hours,1015,400,406000,362323,0.1075788177339901,Y,0.05,Potential
Small Parcel,48 Hours,2291,50,114550,101581,0.1132169358358795,N,0.0,Potential
Small Parcel,72 Hours,244,988,241072,225585,0.06424221809252,N,0.0,Potential
Large Parcel,2-3 Weeks,3406,785,2673710,2417641,0.095772914788814,N,0.0,Potential
Small Parcel,24 Hours,88,50,4400,3604,0.1809090909090909,Y,0.05,Potential
Small Parcel,1-2 Weeks,111,1008,111888,104558,0.0655119405119405,Y,0.12,Potential
Large Parcel,1-2 Weeks,350,437,152950,133322,0.1283295194508009,Y,0.04,Potential
Small Parcel,1-2 Weeks,1551,565,876315,786467,0.1025293416180254,N,0.0,Potential
Large Parcel,Less Than 1 Week,3315,618,2048670,1708846,0.165875421614999,N,0.0,Potential
Large Parcel,48 Hours,3501,312,1092312,881834,0.1926903668548912,N,0.0,Potential
Small Parcel,3-4 Weeks,343,64,21952,19425,0.1151147959183673,N,0.0,Potential
Large Parcel,1-2 Weeks,2198,155,340690,318822,0.0641873844257242,Y,0.09,Potential
Large Parcel,72 Hours,179,749,134071,105562,0.2126410633171976,N,0.0,Potential
Small Parcel,3-4 Weeks,6276,3582,22480632,17134574,0.2378072822863698,Y,0.17,Potential
Large Parcel,48 Hours,1019,308,313852,265199,0.1550189261180429,Y,0.19,Potential
Large Parcel,3-4 Weeks,938,517,484946,396335,0.1827234372486833,N,0.0,Potential
Large Parcel,72 Hours,7425,957,7105725,6130682,0.137219354816011,N,0.0,Potential
Small Parcel,48 Hours,226,123,27798,23995,0.1368084034822649,N,0.0,Potential
Large Parcel,48 Hours,417,50,20850,19727,0.0538609112709832,N,0.0,Potential
Large Parcel,2-3 Weeks,107,339,36273,30150,0.1688032420808866,Y,0.1,Potential
Large Parcel,24 Hours,405,282,114210,101481,0.1114525873391121,Y,0.03,Potential
Small Parcel,1-2 Weeks,790,861,680190,597526,0.1215307487613755,N,0.0,Potential
Large Parcel,24 Hours,222,1268,281496,216513,0.230848750959161,N,0.0,Potential
Small Parcel,1-2 Weeks,2833,1313,3719729,2973878,0.2005121878502439,Y,0.02,Potential
Small Parcel,1-2 Weeks,75,396,29700,27465,0.0752525252525252,N,0.0,Potential
Large Parcel,2-3 Weeks,2901,240,696240,613910,0.1182494542111915,Y,0.01,Potential
Small Parcel,1-2 Weeks,1642,252,413784,348291,0.1582782321211066,N,0.0,Potential
Small Parcel,1-2 Weeks,1499,69,103431,91649,0.1139116899188831,Y,0.05,Potential
Small Parcel,2-3 Weeks,75,1775,133125,125432,0.05778779342723,Y,0.05,Potential
Large Parcel,2-3 Weeks,436,312,136032,103639,0.2381277934603622,N,0.0,Potential
Small Parcel,24 Hours,759,908,689172,526900,0.2354593628295984,N,0.0,Potential
Small Parcel,24 Hours,737,2356,1736372,1375417,0.2078788416307104,N,0.0,Potential
Large Parcel,Less Than 1 Week,1297,1652,2142644,1707972,0.2028671118487252,Y,0.04,Potential
Large Parcel,72 Hours,234,1146,268164,208970,0.2207380558165898,N,0.0,Potential
Large Parcel,48 Hours,723,691,499593,466037,0.0671666736723693,Y,0.0,Potential
Large Parcel,3-4 Weeks,205,50,10250,8715,0.1497560975609756,Y,0.15,Potential
Large Parcel,Less Than 1 Week,1628,50,81400,61845,0.2402334152334152,Y,0.05,Potential
Small Parcel,1-2 Weeks,1818,50,90900,73342,0.1931573157315731,Y,0.16,Potential
Large Parcel,2-3 Weeks,1983,1350,2677050,2310888,0.1367781700005603,N,0.0,Potential
Small Parcel,3-4 Weeks,362,513,185706,144551,0.2216137335358039,N,0.0,Potential
Large Parcel,72 Hours,190,1212,230280,215290,0.0650946673614729,N,0.0,Potential
Small Parcel,48 Hours,4261,861,3668721,2865321,0.2189863988021983,N,0.0,Potential
Large Parcel,1-2 Weeks,171,833,142443,130482,0.0839704302773741,N,0.0,Potential
Large Parcel,2-3 Weeks,2273,2062,4686926,3590127,0.2340124422702641,Y,0.19,Potential
Large Parcel,48 Hours,75,1412,105900,80236,0.2423418319169027,N,0.0,Potential
Small Parcel,Less Than 1 Week,1753,83,145499,118084,0.1884205389727764,Y,0.01,Potential
Large Parcel,Less Than 1 Week,1872,50,93600,76716,0.1803846153846154,Y,0.03,Potential
Small Parcel,2-3 Weeks,274,382,104668,92170,0.1194061222150036,Y,0.19,Potential
Small Parcel,Less Than 1 Week,183,1466,268278,220201,0.1792058983591647,N,0.0,Potential
Small Parcel,72 Hours,1003,4143,4155429,3940790,0.05165266931525,N,0.0,Potential
Small Parcel,2-3 Weeks,969,587,568803,452028,0.205299550107858,N,0.0,Potential
Small Parcel,2-3 Weeks,527,151,79577,62045,0.2203149151136635,N,0.0,Potential
Small Parcel,48 Hours,75,682,51150,39510,0.227565982404692,Y,0.02,Potential
Small Parcel,1-2 Weeks,742,86,63812,51530,0.1924716354290729,N,0.0,Potential
Small Parcel,2-3 Weeks,75,346,25950,24643,0.0503660886319845,Y,0.16,Potential
Small Parcel,3-4 Weeks,323,850,274550,234237,0.1468329994536514,Y,0.03,Potential
Small Parcel,48 Hours,136,1457,198152,165140,0.1665993782550769,N,0.0,Potential
Small Parcel,3-4 Weeks,233,406,94598,86810,0.0823273219306962,N,0.0,Potential
Small Parcel,1-2 Weeks,3845,174,669030,543318,0.1879018878077216,N,0.0,Potential
Large Parcel,24 Hours,567,81,45927,34506,0.2486772486772486,Y,0.02,Potential
Large Parcel,48 Hours,2663,1149,3059787,2647971,0.1345897606598106,Y,0.1,Potential
Small Parcel,2-3 Weeks,364,612,222768,172201,0.2269940027292968,Y,0.01,Potential
Small Parcel,2-3 Weeks,75,167,12525,9434,0.2467864271457086,Y,0.04,Potential
Large Parcel,2-3 Weeks,765,1346,1029690,830741,0.1932125202730919,Y,0.04,Potential
Large Parcel,1-2 Weeks,1682,1235,2077270,1916724,0.0772870161317498,Y,0.04,Potential
Large Parcel,3-4 Weeks,2903,308,894124,712332,0.2033185553681592,N,0.0,Potential
Large Parcel,48 Hours,1715,1280,2195200,1864719,0.1505471027696793,N,0.0,Potential
Large Parcel,3-4 Weeks,694,1676,1163144,1072987,0.0775114689152847,Y,0.05,Potential
Large Parcel,1-2 Weeks,317,219,69423,60328,0.1310084554110309,N,0.0,Potential
Small Parcel,Less Than 1 Week,496,414,205344,187269,0.0880230247779336,Y,0.05,Potential
Large Parcel,Less Than 1 Week,75,135,10125,9537,0.058074074074074,Y,0.2,Potential
Small Parcel,24 Hours,813,1293,1051209,997340,0.0512448047914353,Y,0.03,Potential
Small Parcel,48 Hours,438,785,343830,318977,0.0722828141814268,Y,0.01,Potential
Large Parcel,1-2 Weeks,141,2303,324723,254475,0.2163320737982834,Y,0.02,Potential
Small Parcel,48 Hours,2118,564,1194552,1044912,0.1252687199887489,Y,0.04,Potential
Small Parcel,48 Hours,1899,2823,5360877,4421717,0.1751877537947615,Y,0.14,Potential
Large Parcel,72 Hours,75,618,46350,41389,0.1070334412081985,N,0.0,Potential
Small Parcel,3-4 Weeks,1041,383,398703,328378,0.1763844265029357,Y,0.1,Potential
Large Parcel,1-2 Weeks,3299,2268,7482132,7099029,0.051202384560978,N,0.0,Potential
Small Parcel,Less Than 1 Week,75,50,3750,3373,0.1005333333333333,Y,0.05,Potential
Small Parcel,3-4 Weeks,577,1214,700478,537737,0.2323284956843755,Y,0.13,Potential
Large Parcel,3-4 Weeks,3761,219,823659,748910,0.0907523623246999,Y,0.13,Potential
Large Parcel,2-3 Weeks,93,50,4650,3676,0.2094623655913978,N,0.0,Potential
Large Parcel,1-2 Weeks,2029,387,785223,644767,0.1788740268688003,Y,0.17,Potential
Large Parcel,3-4 Weeks,282,403,113646,91797,0.1922548967847526,Y,0.03,Potential
Small Parcel,1-2 Weeks,667,1025,683675,534272,0.2185292719493911,Y,0.42,Potential
Small Parcel,1-2 Weeks,814,2238,1821732,1480394,0.1873700412574407,N,0.0,Potential
Small Parcel,Less Than 1 Week,2843,1007,2862901,2515446,0.1213646577370296,N,0.0,Potential
Small Parcel,Less Than 1 Week,913,2142,1955646,1674690,0.143664037356454,N,0.0,Potential
Small Parcel,2-3 Weeks,440,1598,703120,604035,0.1409218910001138,Y,0.24,Potential
Small Parcel,2-3 Weeks,973,997,970081,838605,0.1355309505082565,Y,0.21,Potential
Large Parcel,2-3 Weeks,222,1415,314130,272438,0.1327221214147009,Y,0.06,Potential
Large Parcel,2-3 Weeks,1024,1295,1326080,1049907,0.2082626990830116,N,0.0,Potential
Small Parcel,3-4 Weeks,806,1313,1058278,915253,0.1351487983308733,Y,0.07,Potential
Small Parcel,24 Hours,1824,285,519840,467549,0.1005905663281009,N,0.0,Potential
Large Parcel,72 Hours,722,87,62814,52532,0.1636896233323781,Y,0.02,Potential
Small Parcel,24 Hours,776,686,532336,460911,0.1341727780950377,Y,0.1,Potential
Small Parcel,1-2 Weeks,437,4537,1982669,1856242,0.0637660648348261,N,0.0,Potential
Small Parcel,72 Hours,254,530,134620,110492,0.1792304263853811,Y,0.11,Potential
Small Parcel,72 Hours,275,879,241725,202172,0.1636280897714344,N,0.0,Potential
Small Parcel,48 Hours,1997,638,1274086,1186139,0.0690275224749349,Y,0.07,Potential
Small Parcel,1-2 Weeks,915,364,333060,284284,0.146448087431694,N,0.0,Potential
Large Parcel,48 Hours,7739,491,3799849,3219123,0.1528287045090476,Y,0.22,Potential
Large Parcel,3-4 Weeks,710,254,180340,153826,0.147022291227681,N,0.0,Potential
Large Parcel,72 Hours,781,1216,949696,799498,0.1581537671002089,Y,0.02,Potential
Large Parcel,1-2 Weeks,896,723,647808,547378,0.1550305028650464,N,0.0,Potential
Large Parcel,48 Hours,243,220,53460,43896,0.1789001122334455,Y,0.03,Potential
Large Parcel,1-2 Weeks,2481,254,630174,560611,0.1103869724869639,N,0.0,Potential
Small Parcel,1-2 Weeks,2527,274,692398,610845,0.1177834135858278,Y,0.01,Potential
Small Parcel,72 Hours,322,2034,654948,491519,0.2495297336582446,Y,0.04,Potential
Small Parcel,2-3 Weeks,732,109,79788,70926,0.1110693337343961,Y,0.29,Potential
Large Parcel,48 Hours,75,54,4050,3554,0.1224691358024691,N,0.0,Potential
Small Parcel,1-2 Weeks,1989,5000,9945000,7871395,0.2085072900955253,N,0.0,Potential
Large Parcel,1-2 Weeks,2549,360,917640,695526,0.242049169608997,Y,0.07,Potential
Large Parcel,1-2 Weeks,2206,1109,2446454,2231641,0.0878058610544077,N,0.0,Potential
Large Parcel,72 Hours,305,394,120170,109377,0.0898144295581259,N,0.0,Potential
Large Parcel,2-3 Weeks,578,181,104618,81196,0.2238811676766904,Y,0.1,Potential
Small Parcel,3-4 Weeks,382,1439,549698,431108,0.2157366408464284,Y,0.02,Potential
Large Parcel,72 Hours,1826,470,858220,657543,0.2338293211530843,N,0.0,Potential
Small Parcel,48 Hours,408,406,165648,124252,0.2499034096397179,N,0.0,Potential
Large Parcel,2-3 Weeks,1215,3210,3900150,3194871,0.1808338140840737,Y,0.08,Potential
Small Parcel,2-3 Weeks,1685,2378,4006930,3426761,0.1447913989014033,N,0.0,Potential
Large Parcel,72 Hours,376,787,295912,270331,0.0864479980534753,Y,0.06,Potential
Small Parcel,2-3 Weeks,686,199,136514,124463,0.0882766602692764,N,0.0,Potential
Small Parcel,1-2 Weeks,88,191,16808,12846,0.235721085197525,Y,0.02,Potential
Small Parcel,72 Hours,141,1092,153972,140460,0.0877562154157898,Y,0.07,Potential
Small Parcel,72 Hours,216,1219,263304,240491,0.0866412967520432,N,0.0,Potential
Large Parcel,72 Hours,1608,4040,6496320,5522426,0.1499147209497069,Y,0.02,Potential
Large Parcel,2-3 Weeks,193,973,187789,156699,0.1655581530334577,N,0.0,Potential
Large Parcel,48 Hours,3122,144,449568,387770,0.1374608513061427,N,0.0,Potential
Small Parcel,72 Hours,495,64,31680,26466,0.1645833333333333,Y,0.07,Potential
Large Parcel,72 Hours,898,225,202050,184283,0.0879336797822321,Y,0.05,Potential
Large Parcel,48 Hours,930,2175,2022750,1531615,0.2428055864540848,N,0.0,Potential
Small Parcel,1-2 Weeks,75,874,65550,54499,0.1685888634630053,Y,0.02,Potential
Large Parcel,1-2 Weeks,75,477,35775,31236,0.1268763102725366,N,0.0,Potential
Small Parcel,48 Hours,258,284,73272,62337,0.1492384539796921,N,0.0,Potential
Large Parcel,Less Than 1 Week,141,293,41313,36638,0.1131605063781376,N,0.0,Potential
Large Parcel,72 Hours,1783,2908,5184964,4439352,0.1438027342137766,N,0.0,Potential
Small Parcel,72 Hours,75,513,38475,29493,0.2334502923976608,Y,0.06,Potential
Large Parcel,72 Hours,377,1112,419224,392379,0.0640349789134209,Y,0.04,Potential
Large Parcel,2-3 Weeks,895,349,312355,268635,0.1399689455907541,Y,0.03,Potential
Large Parcel,48 Hours,270,603,162810,143497,0.1186229347091702,N,0.0,Potential
Small Parcel,24 Hours,140,786,110040,94290,0.1431297709923664,N,0.0,Potential
Small Parcel,2-3 Weeks,75,96,7200,5786,0.1963888888888889,Y,0.08,Potential
Large Parcel,Less Than 1 Week,390,339,132210,121103,0.0840102866651539,Y,0.02,Potential
Small Parcel,24 Hours,443,1290,571470,480478,0.1592244562269235,Y,0.05,Potential
Large Parcel,48 Hours,965,322,310730,283633,0.0872043252984906,Y,0.04,Potential
Large Parcel,48 Hours,1980,2309,4571820,3820603,0.1643146493081529,Y,0.05,Potential
Large Parcel,24 Hours,410,406,166460,125577,0.2456025471584765,Y,0.07,Potential
Large Parcel,72 Hours,861,2915,2509815,2129368,0.1515836824626516,N,0.0,Potential
Large Parcel,72 Hours,689,408,281112,235870,0.1609394120492899,Y,0.04,Potential
Small Parcel,1-2 Weeks,927,2175,2016225,1822180,0.0962417388932286,N,0.0,Potential
Large Parcel,Less Than 1 Week,378,292,110376,91530,0.1707436399217221,N,0.0,Potential
Small Parcel,72 Hours,778,573,445794,367622,0.175354535951583,N,0.0,Potential
Large Parcel,24 Hours,91,784,71344,56096,0.2137250504597443,Y,0.14,Potential
Small Parcel,3-4 Weeks,75,719,53925,47184,0.1250069541029207,Y,0.06,Potential
Large Parcel,2-3 Weeks,140,192,26880,23758,0.1161458333333333,Y,0.04,Potential
Small Parcel,48 Hours,2594,385,998690,917643,0.0811533108371967,N,0.0,Potential
Large Parcel,1-2 Weeks,1489,1107,1648323,1500284,0.0898118875972731,Y,0.12,Potential
Small Parcel,Less Than 1 Week,2416,902,2179232,1958585,0.1012498898694586,N,0.0,Potential
Small Parcel,48 Hours,75,99,7425,6489,0.126060606060606,N,0.0,Potential
Large Parcel,Less Than 1 Week,357,307,109599,93902,0.1432221096907818,N,0.0,Potential
Small Parcel,48 Hours,2460,1152,2833920,2563447,0.0954412968608852,N,0.0,Potential
Small Parcel,Less Than 1 Week,763,1879,1433677,1250084,0.1280574355311552,N,0.0,Potential
Small Parcel,2-3 Weeks,671,147,98637,78316,0.2060180256901568,Y,0.08,Potential
Large Parcel,72 Hours,1746,341,595386,560966,0.0578112350643112,Y,0.34,Potential
Large Parcel,1-2 Weeks,1735,1890,3279150,2598447,0.2075851973834682,Y,0.03,Potential
Large Parcel,72 Hours,3355,382,1281610,991753,0.2261663064426775,N,0.0,Potential
Large Parcel,Less Than 1 Week,1200,1240,1488000,1332601,0.1044348118279569,Y,0.05,Potential
Large Parcel,1-2 Weeks,441,50,22050,20605,0.0655328798185941,Y,0.08,Potential
Large Parcel,2-3 Weeks,970,1104,1070880,839687,0.2158906693560436,N,0.0,Potential
Small Parcel,48 Hours,433,3977,1722041,1358639,0.2110298186860824,N,0.0,Potential
Small Parcel,72 Hours,1740,2327,4048980,3184208,0.21357774056676,Y,0.02,Potential
Small Parcel,72 Hours,2896,754,2183584,1817425,0.1676871601916848,Y,0.02,Potential
Small Parcel,3-4 Weeks,1939,1432,2776648,2383532,0.1415793431504461,N,0.0,Potential
Large Parcel,Less Than 1 Week,1093,520,568360,467834,0.1768702934759659,N,0.0,Potential
Small Parcel,1-2 Weeks,2092,551,1152692,983927,0.1464094484910106,N,0.0,Potential
Small Parcel,24 Hours,187,1993,372691,284332,0.2370838040092194,N,0.0,Potential
Large Parcel,72 Hours,340,195,66300,58849,0.1123831070889894,N,0.0,Potential
Large Parcel,2-3 Weeks,2489,2424,6033336,5049946,0.1629927456385654,Y,0.03,Potential
Small Parcel,3-4 Weeks,2991,1253,3747723,2950553,0.2127078228567052,N,0.0,Potential
Large Parcel,3-4 Weeks,2415,1327,3204705,2435553,0.2400071145394038,N,0.0,Potential
Large Parcel,24 Hours,1059,352,372768,334388,0.1029594815005579,N,0.0,Potential
Large Parcel,Less Than 1 Week,75,126,9450,8767,0.0722751322751322,Y,0.02,Potential
Large Parcel,3-4 Weeks,1294,139,179866,146752,0.1841037216594576,N,0.0,Potential
